No.,y(k-1),u(k),u(k-1),y(k)
1,34,52,49,-1.699135696
2,95,92,84,-2.199889209
3,84,36,34,-1.199858297
4,54,98,97,-4.599657182
5,78,11,6,0.950164339
6,46,99,34,14.55047237
7,30,74,52,2.901109878
8,40,44,65,-8.49937539
9,32,68,76,-5.79902439
10,3,63,99,-13.85
11,0,67,14,13.55
12,7,7,2,1.17
13,39,9,63,-16.64934297
14,17,45,31,1.953448276
15,9,40,71,-11.28780488
16,86,20,83,-19.89986481
17,58,42,65,-8.999702823
18,72,97,73,2.350192864
19,65,19,39,-6.94976337
20,69,35,48,-5.649790004
21,38,55,90,-13.24930796
22,15,15,64,-15.44557522
23,52,26,3,5.600369686
24,24,18,70,-16.4982669
25,45,80,78,-3.399506417
26,46,28,27,-1.099527633
27,91,86,46,7.700120744
28,49,67,43,3.85041632
29,39,13,80,-20.74934297
30,21,37,32,-0.347737557
31,78,35,0,8.750164339
32,21,44,51,-4.297737557
33,1,63,48,1.85
34,46,9,25,-5.249527633
35,71,57,92,-13.34980167
36,12,24,89,-20.69310345
37,13,45,54,-4.944117647
38,96,48,87,-14.0998915
39,9,35,42,-3.837804878
40,51,35,23,1.85038432
41,45,71,21,11.45049358
42,19,57,26,6.452762431
43,9,94,83,-1.387804878
44,25,51,69,-7.948402556
45,26,3,17,-4.348522895
46,89,99,31,15.45012623
47,25,81,49,5.551597444
48,46,54,91,-13.79952763
49,77,74,66,-1.299831366
50,91,38,3,8.600120744
51,95,42,85,-14.99988921
52,11,30,65,-11.99180328
53,41,66,19,10.80059453
54,0,31,83,-16.15
55,57,0,30,-8.999692308
56,2,72,88,-8.2
57,96,99,91,-2.549891505
58,52,22,85,-19.99963031
59,39,4,40,-10.99934297
60,89,79,75,-2.749873769
61,33,30,75,-14.99908257
62,68,36,99,-20.69978378
63,1,5,73,-20.15
64,4,66,46,2.758823529
65,2,32,98,-21.2
66,90,59,87,-11.34987656
67,94,92,7,20.90011316
68,36,66,70,-4.49922899
69,2,92,25,15.7
70,7,72,66,-1.78
71,14,92,51,7.705076142
72,1,29,55,-8.75
73,57,34,74,-13.69969231
74,38,67,26,8.950692042
75,50,95,59,6.05039984
76,15,0,2,-0.595575221
77,26,91,81,-1.548522895
78,18,86,99,-8.196923077
79,30,42,1,10.20110988
80,24,0,35,-10.4982669
81,18,42,82,-14.09692308
82,38,86,59,3.800692042
83,59,75,69,-1.949712809
84,61,66,11,13.20026867
85,7,86,92,-6.08
86,44,93,96,-5.549483738
87,36,15,91,-23.54922899
88,90,35,92,-18.84987656
89,96,99,36,13.9501085
90,68,22,91,-21.79978378
91,35,33,30,-0.749184339
92,64,89,62,3.650244081
93,51,67,30,7.75038432
94,85,60,94,-13.19986161
95,56,17,34,-5.949681224
96,83,87,46,7.950145138
97,33,63,21,9.450917431
98,24,46,62,-7.098266898
99,6,71,57,0.677027027
100,47,87,52,6.150452489
101,77,48,32,2.400168634
102,71,63,75,-6.749801666
103,59,50,47,-1.599712809
104,36,6,80,-22.49922899
105,51,98,4,23.30038432
106,47,80,36,9.200452489
107,61,34,1,8.200268673
108,99,92,17,17.90010202
109,75,97,63,5.350177746
110,70,96,77,0.90020404
111,55,88,76,-0.799669531
112,97,77,67,-0.84989373
113,24,19,3,3.851733102
114,84,3,5,-0.749858297
115,70,43,30,1.75020404
116,21,55,21,7.452262443
117,98,19,42,-7.849895888
118,91,19,93,-23.14987926
119,27,91,11,19.45136986
120,15,15,73,-18.14557522
121,16,44,39,-0.696108949
122,88,19,63,-14.14987088
123,67,29,88,-19.14977728
124,15,89,54,6.054424779
125,0,4,93,-25.9
126,58,62,66,-4.299702823
127,29,14,65,-15.99881235
128,3,46,96,-17.2
129,80,2,63,-18.39984377
130,38,92,44,9.800692042
131,10,6,16,-3.29009901
132,72,85,92,-6.349807136
133,58,51,50,-2.249702823
134,14,90,71,1.205076142
135,25,9,88,-24.14840256
136,6,22,70,-15.47297297
137,77,35,11,5.450168634
138,76,5,49,-13.4498269
139,68,46,83,-13.39978378
140,3,42,38,-0.8
141,21,88,65,2.502262443
142,44,22,5,4.000516262
143,46,27,2,6.150472367
144,75,35,29,0.050177746
145,56,50,1,12.20031878
146,90,25,82,-18.34987656
147,95,47,36,0.950110791
148,33,71,47,3.650917431
149,19,48,24,4.802762431
150,92,81,92,-7.349881867
151,52,93,67,3.150369686
152,24,11,21,-3.548266898
153,94,88,21,15.70011316
154,36,52,64,-6.19922899
155,70,74,85,-6.99979596
156,57,40,95,-18.49969231
157,72,83,64,1.550192864
158,38,25,59,-11.44930796
159,81,91,2,22.15015239
160,69,38,15,5.000209996
161,7,35,15,4.27
162,49,64,55,-0.49958368
163,55,61,52,-0.349669531
164,59,15,20,-2.249712809
165,92,57,91,-13.04988187
166,35,33,47,-5.849184339
167,2,87,79,-1.75
168,59,70,53,1.600287191
169,63,0,52,-15.59974811
170,74,31,24,0.550182582
171,97,95,40,11.75010627
172,91,82,52,4.900120744
173,8,46,62,-7.084615385
174,48,58,54,-1.699566161
175,38,79,31,10.45069204
176,36,46,34,1.30077101
177,95,30,49,-7.199889209
178,7,87,56,4.97
179,0,32,21,2.7
180,43,91,87,-3.349459459
181,81,26,33,-3.399847607
182,14,0,12,-3.594923858
183,1,53,60,-4.25
184,96,41,28,1.850108495
185,16,50,15,8.003891051
186,95,27,87,-19.34988921
187,29,19,5,3.251187648
188,97,17,11,0.95010627
189,92,15,86,-22.04988187
190,63,24,89,-20.69974811
191,40,13,8,0.85062461
192,60,43,90,-16.2497223
193,82,34,11,5.200148699
194,55,69,4,16.05033047
195,43,96,59,6.300540541
196,24,23,40,-6.248266898
197,92,43,0,10.75011813
198,45,39,69,-10.94950642
199,89,70,18,12.10012623
200,74,3,18,-4.649817418
201,95,76,89,-7.699889209
202,79,78,13,15.60016021
203,50,40,20,4.00039984
204,58,97,48,9.850297177
205,48,37,94,-18.94956616
206,71,67,15,12.25019833
207,68,43,77,-12.34978378
208,81,35,46,-5.049847607
209,79,30,32,-2.099839795
210,43,68,75,-5.499459459
211,69,45,48,-3.149790004
212,51,13,80,-20.74961568
213,55,50,80,-11.49966953
214,49,66,33,6.60041632
215,69,9,37,-8.849790004
216,95,11,90,-24.24988921
217,95,66,99,-13.19988921
218,41,49,20,6.25059453
219,76,72,59,0.3001731
220,66,51,46,-1.049770484
221,33,94,11,20.20091743
222,46,36,96,-19.79952763
223,77,44,57,-6.099831366
224,86,18,80,-19.49986481
225,81,69,63,-1.649847607
226,32,48,85,-13.49902439
227,45,8,31,-7.299506417
228,20,18,11,1.202493766
229,32,61,47,1.15097561
230,68,93,19,17.55021622
231,64,36,61,-9.299755919
232,40,3,63,-18.14937539
233,50,64,65,-3.49960016
234,80,11,23,-4.149843774
235,52,16,10,1.000369686
236,33,85,46,7.450917431
237,99,51,35,2.25010202
238,13,78,1,19.20588235
239,46,9,38,-9.149527633
240,44,45,7,9.150516262
241,58,34,87,-17.59970282
242,92,31,91,-19.54988187
243,80,51,19,7.050156226
244,8,21,40,-6.734615385
245,19,38,55,-6.997237569
246,34,72,14,13.8008643
247,88,84,94,-7.199870884
248,15,78,22,12.90442478
249,50,0,45,-13.49960016
250,26,73,26,10.4514771
251,72,1,34,-9.949807136
252,22,78,15,15.00206186
253,71,75,13,14.85019833
254,24,98,38,13.1017331
255,0,70,30,9.5
256,22,38,82,-15.09793814
257,73,1,81,-24.04981238
258,52,39,41,-2.549630314
259,55,17,66,-15.54966953
260,11,5,19,-4.441803279
261,21,41,66,-9.547737557
262,85,98,30,15.50013839
263,52,95,48,9.350369686
264,27,67,28,8.351369863
265,50,25,55,-10.24960016
266,41,62,15,11.00059453
267,5,95,94,-4.411538462
268,19,2,48,-13.89723757
269,80,54,50,-1.499843774
270,59,13,23,-3.649712809
271,50,6,84,-23.69960016
272,80,87,66,1.950156226
273,83,89,8,19.85014514
274,3,8,27,-6
275,5,10,40,-9.461538462
276,14,11,13,-1.144923858
277,75,2,84,-24.69982225
278,33,57,87,-11.84908257
279,3,31,49,-6.85
280,16,13,75,-19.24610895
281,85,62,2,14.90013839
282,14,50,24,5.305076142
283,38,27,67,-13.34930796
284,22,83,10,17.75206186
285,58,73,20,12.25029718
286,33,42,22,3.900917431
287,80,27,39,-4.949843774
288,29,46,1,11.20118765
289,72,21,56,-11.54980714
290,36,52,76,-9.79922899
291,54,62,12,11.90034282
292,81,70,14,13.30015239
293,56,3,97,-28.34968122
294,10,17,4,3.05990099
295,34,99,24,17.5508643
296,66,79,60,1.750229516
297,16,31,69,-12.94610895
298,0,77,26,12.45
299,44,40,95,-18.49948374
300,60,84,43,8.100277701
301,52,85,26,13.45036969
302,43,55,32,4.150540541
303,52,16,15,-0.499630314
304,21,76,15,14.50226244
305,31,98,77,1.401039501
306,73,96,43,11.10018762
307,78,60,37,3.900164339
308,27,60,5,13.50136986
309,17,43,48,-3.646551724
310,62,23,15,1.250260078
311,23,67,78,-6.648113208
312,18,37,68,-11.14692308
313,95,64,59,-1.699889209
314,30,25,36,-4.548890122
315,81,76,56,2.200152393
316,32,6,69,-19.19902439
317,24,5,90,-25.7482669
318,24,73,97,-10.8482669
319,79,28,66,-12.79983979
320,81,55,61,-4.549847607
321,35,68,75,-5.499184339
322,49,96,19,18.30041632
323,96,68,3,16.1001085
324,58,61,28,6.850297177
325,64,36,31,-0.299755919
326,0,68,81,-6.3
327,55,27,71,-14.54966953
328,13,37,94,-18.94411765
329,75,25,34,-3.949822254
330,99,85,8,18.85010202
331,12,48,94,-16.19310345
332,98,75,2,18.15010411
333,93,41,36,-0.549884393
334,21,36,6,7.202262443
335,17,90,54,6.303448276
336,16,11,12,-0.846108949
337,76,18,22,-2.0998269
338,88,87,22,15.15012912
339,12,63,24,8.556896552
340,70,84,60,3.00020404
341,3,39,9,7.15
342,61,36,74,-13.19973133
343,23,8,95,-26.49811321
344,55,83,96,-8.049669531
345,25,42,49,-4.198402556
346,95,20,70,-15.99988921
347,33,10,9,-0.199082569
348,89,32,87,-18.09987377
349,93,79,45,6.250115607
350,68,83,92,-6.849783784
351,56,67,73,-5.149681224
352,48,53,22,6.650433839
353,15,26,77,-16.59557522
354,4,49,13,8.408823529
355,45,88,19,16.30049358
356,91,94,56,6.700120744
357,7,42,62,-8.08
358,0,65,55,0.75
359,86,49,95,-16.24986481
360,86,9,76,-20.54986481
361,80,50,78,-10.89984377
362,55,49,83,-12.64966953
363,28,31,2,7.151273885
364,98,91,57,5.650104112
365,62,49,71,-9.049739922
366,75,21,1,4.950177746
367,91,74,61,0.200120744
368,38,91,81,-1.549307958
369,90,26,19,0.800123442
370,49,54,88,-12.89958368
371,29,71,82,-6.848812352
372,34,68,25,9.500864304
373,88,30,27,-0.599870884
374,11,5,73,-20.64180328
375,34,19,41,-7.549135696
376,10,38,34,-0.69009901
377,18,98,84,-0.696923077
378,29,27,28,-1.648812352
379,94,40,66,-9.799886839
380,95,67,27,8.650110791
381,91,25,8,3.850120744
382,90,21,80,-18.74987656
383,9,22,70,-15.48780488
384,6,55,41,1.477027027
385,56,10,6,0.700318776
386,44,96,16,19.20051626
387,85,15,65,-15.74986161
388,34,92,24,15.8008643
389,57,92,16,18.20030769
390,60,55,68,-6.649722299
391,85,87,88,-4.649861611
392,38,67,50,1.750692042
393,33,50,21,6.200917431
394,20,95,64,4.552493766
395,7,79,15,15.27
396,88,54,83,-11.39987088
397,68,68,77,-6.099783784
398,31,31,95,-20.7489605
399,66,71,30,8.750229516
400,31,79,7,17.6510395
401,95,29,51,-8.049889209
402,1,31,90,-18.75
403,90,94,57,6.400123442
404,34,25,1,5.950864304
405,38,81,30,11.25069204
406,27,86,20,15.50136986
407,28,27,49,-7.948726115
408,46,98,85,-0.999527633
409,5,3,20,-5.211538462
410,55,43,65,-8.749669531
411,62,58,66,-5.299739922
412,61,80,3,19.10026867
413,13,11,57,-14.34411765
414,5,77,85,-6.211538462
415,4,19,56,-11.99117647
416,39,39,70,-11.24934297
417,82,92,98,-6.399851301
418,60,92,83,-1.899722299
419,91,71,1,17.45012074
420,40,72,91,-9.29937539
421,93,69,34,7.050115607
422,47,55,77,-9.349547511
423,37,4,83,-23.89927007
424,85,37,96,-19.54986161
425,28,45,93,-16.64872611
426,53,52,99,-16.69964413
427,8,18,86,-21.28461538
428,0,90,48,9.1
429,34,4,27,-7.099135696
430,14,56,67,-6.094923858
431,4,90,25,15.05882353
432,56,35,63,-10.14968122
433,34,79,76,-3.049135696
434,93,1,5,-1.249884393
435,62,70,0,17.50026008
436,11,79,35,9.258196721
437,55,38,41,-2.799669531
438,65,77,36,8.45023663
439,44,64,64,-3.199483738
440,88,80,52,4.400129116
441,9,85,99,-8.437804878
442,76,7,75,-20.7498269
443,57,24,89,-20.69969231
444,92,65,53,0.350118133
445,86,70,96,-11.29986481
446,7,46,40,-0.48
447,78,41,99,-19.44983566
448,34,73,77,-4.849135696
449,69,17,72,-17.34979
450,45,8,69,-18.69950642
451,38,64,48,1.600692042
452,61,29,33,-2.649731327
453,95,11,83,-22.14988921
454,2,27,91,-20.35
455,14,58,7,12.40507614
456,72,96,87,-2.099807136
457,6,63,36,4.977027027
458,50,56,21,7.70039984
459,75,2,82,-24.09982225
460,21,94,4,22.30226244
461,53,61,56,-1.549644128
462,3,32,6,6.3
463,43,11,35,-7.749459459
464,82,88,64,2.800148699
465,94,73,74,-3.949886839
466,70,77,37,8.15020404
467,59,51,32,3.150287191
468,39,90,34,12.30065703
469,85,96,74,1.800138389
470,80,1,36,-10.54984377
471,45,80,74,-2.199506417
472,7,32,37,-3.08
473,10,2,33,-9.39009901
474,96,74,29,9.800108495
475,92,79,77,-3.349881867
476,42,97,94,-3.949433428
477,80,47,23,4.850156226
478,84,23,77,-17.3498583
479,16,11,31,-6.546108949
480,72,56,58,-3.399807136
481,44,88,65,2.500516262
482,32,90,68,2.10097561
483,4,95,50,8.808823529
484,10,94,5,22.00990099
485,70,6,54,-14.69979596
486,88,94,19,17.80012912
487,10,95,0,23.75990099
488,73,64,28,7.600187617
489,49,78,96,-9.29958368
490,20,52,42,0.402493766
491,34,81,73,-1.649135696
492,47,95,9,21.05045249
493,22,25,22,-0.347938144
494,28,9,7,0.151273885
495,57,64,15,11.50030769
496,68,64,8,13.60021622
497,31,71,36,6.951039501
498,75,55,25,6.250177746
499,62,93,87,-2.849739922
500,39,30,22,0.90065703
501,96,45,82,-13.3498915
502,81,63,67,-4.349847607
503,68,95,88,-2.649783784
504,78,15,46,-10.04983566
505,89,59,21,8.450126231
506,78,16,90,-22.99983566
507,16,46,30,2.503891051
508,57,34,86,-17.29969231
509,47,23,89,-20.94954751
510,34,45,98,-18.1491357
511,75,67,93,-11.14982225
512,48,37,13,5.350433839
513,44,24,45,-7.499483738
514,0,3,4,0.55
515,74,14,64,-15.69981742
516,92,14,87,-22.59988187
517,45,51,11,9.450493583
518,55,38,20,3.500330469
519,84,59,19,9.050141703
520,2,21,80,-18.55
521,89,56,86,-11.79987377
522,5,80,77,-3.061538462
523,30,42,87,-15.59889012
524,25,35,71,-12.54840256
525,68,66,30,7.500216216
526,18,43,44,-2.446923077
527,19,33,12,4.652762431
528,13,78,53,3.605882353
529,83,64,61,-2.299854862
530,46,39,59,-7.949527633
531,81,88,15,17.50015239
532,32,86,65,2.00097561
533,54,9,40,-9.749657182
534,23,39,73,-12.14811321
535,56,71,23,10.85031878
536,68,26,77,-16.59978378
537,42,15,96,-25.04943343
538,10,99,23,17.85990099
539,18,38,63,-9.396923077
540,29,25,35,-4.248812352
541,84,23,81,-18.5498583
542,2,49,32,2.85
543,95,67,89,-9.949889209
544,25,57,36,3.451597444
545,89,85,38,9.850126231
546,71,35,60,-9.249801666
547,71,24,55,-10.49980167
548,1,11,3,2.35
549,1,18,7,2.9
550,68,83,36,9.950216216
551,66,67,81,-7.549770484
552,89,6,66,-18.29987377
553,34,36,21,2.700864304
554,15,37,74,-12.94557522
555,48,56,29,5.300433839
556,34,56,5,12.5008643
557,49,67,71,-4.54958368
558,49,48,1,11.70041632
559,79,73,27,10.15016021
560,93,67,35,6.250115607
561,48,51,73,-9.149566161
562,30,62,0,15.50110988
563,45,45,54,-4.949506417
564,44,44,8,8.600516262
565,69,51,34,2.550209996
566,53,96,43,11.10035587
567,77,56,11,10.70016863
568,17,36,60,-8.996551724
569,63,8,44,-11.19974811
570,40,70,16,12.70062461
571,60,79,84,-5.449722299
572,95,34,64,-10.69988921
573,33,9,84,-22.94908257
574,36,82,2,19.90077101
575,56,26,62,-12.09968122
576,17,65,13,12.35344828
577,22,17,19,-1.447938144
578,54,90,78,-0.899657182
579,29,83,51,5.451187648
580,99,66,89,-10.19989798
581,7,14,21,-2.78
582,41,36,80,-14.99940547
583,75,7,63,-17.14982225
584,69,85,97,-7.849790004
585,68,6,97,-27.59978378
586,78,88,32,12.40016434
587,10,84,69,0.30990099
588,56,53,87,-12.84968122
589,78,93,0,23.25016434
590,86,86,67,1.40013519
591,33,79,19,14.05091743
592,99,49,3,11.35010202
593,45,69,22,10.65049358
594,57,25,25,-1.249692308
595,34,94,99,-6.199135696
596,96,26,21,0.200108495
597,69,20,43,-7.899790004
598,67,76,98,-10.39977728
599,49,29,92,-20.34958368
600,50,68,94,-11.19960016
601,76,74,36,7.7001731
602,87,66,2,15.9001321
603,62,6,89,-25.19973992
604,0,88,56,6.2
605,69,35,9,6.050209996
606,21,3,36,-10.04773756
607,93,27,96,-22.04988439
608,94,43,30,1.750113161
609,35,39,31,0.450815661
610,50,42,95,-17.99960016
611,66,43,54,-5.449770484
612,97,53,3,12.35010627
613,12,48,94,-16.19310345
614,48,81,80,-3.749566161
615,36,88,46,8.20077101
616,79,76,56,2.200160205
617,2,52,19,7.5
618,82,33,4,7.050148699
619,97,59,72,-6.84989373
620,88,47,52,-3.849870884
621,64,95,53,7.850244081
622,11,95,93,-4.141803279
623,57,78,22,12.90030769
624,74,61,86,-10.54981742
625,77,57,83,-10.64983137
626,40,53,43,0.35062461
627,63,9,25,-5.249748111
628,86,96,79,0.30013519
629,52,75,65,-0.749630314
630,21,75,22,12.15226244
631,52,27,38,-4.649630314
632,58,98,15,20.00029718
633,63,13,46,-10.54974811
634,59,40,24,2.800287191
635,57,18,81,-19.79969231
636,77,56,25,6.500168634
637,68,24,80,-17.99978378
638,43,0,74,-22.19945946
639,69,12,64,-16.19979
640,17,6,26,-6.296551724
641,20,60,64,-4.197506234
642,55,90,89,-4.199669531
643,25,9,96,-26.54840256
644,7,55,53,-2.13
645,73,96,54,7.800187617
646,63,50,63,-6.399748111
647,78,67,66,-3.049835661
648,14,49,70,-8.744923858
649,89,43,31,1.450126231
650,28,26,3,5.601273885
651,95,44,74,-11.19988921
652,10,38,47,-4.59009901
653,89,28,25,-0.499873769
654,46,50,86,-13.29952763
655,57,43,69,-9.949692308
656,29,85,29,12.55118765
657,22,11,94,-25.44793814
658,23,21,45,-8.248113208
659,95,2,94,-27.69988921
660,39,86,75,-0.99934297
661,61,49,45,-1.249731327
662,69,33,85,-17.24979
663,47,38,64,-9.699547511
664,13,20,29,-3.694117647
665,33,15,92,-23.84908257
666,32,55,96,-15.04902439
667,2,35,30,-0.05
668,89,38,44,-3.699873769
669,57,94,3,22.60030769
670,37,4,39,-10.69927007
671,58,25,42,-6.349702823
672,38,67,12,13.15069204
673,59,44,50,-3.999712809
674,28,80,66,0.201273885
675,85,87,71,0.450138389
676,26,86,32,11.9014771
677,12,85,42,8.656896552
678,64,79,12,16.15024408
679,76,14,74,-18.6998269
680,54,12,8,0.600342818
681,80,98,5,23.00015623
682,64,45,71,-10.04975592
683,91,45,20,5.250120744
684,70,54,99,-16.19979596
685,53,68,83,-7.899644128
686,66,46,6,9.700229516
687,0,99,58,8.35
688,77,46,92,-16.09983137
689,77,5,43,-11.64983137
690,14,34,84,-16.69492386
691,62,39,37,-1.349739922
692,73,4,78,-22.39981238
693,69,53,31,3.950209996
694,35,94,53,7.600815661
695,10,63,95,-12.74009901
696,80,31,39,-3.949843774
697,80,9,98,-27.14984377
698,81,79,72,-1.849847607
699,15,22,59,-12.19557522
700,27,25,54,-9.948630137
701,13,46,90,-15.49411765
702,78,67,93,-11.14983566
703,20,16,63,-14.89750623
704,73,39,98,-19.64981238
705,67,69,22,10.65022272
706,69,22,25,-1.999790004
707,18,94,37,12.40307692
708,33,12,11,-0.299082569
709,48,96,14,19.80043384
710,23,53,32,3.651886792
711,91,84,97,-8.099879256
712,98,26,71,-14.79989589
713,58,48,70,-8.999702823
714,45,73,59,0.550493583
715,93,84,79,-2.699884393
716,24,67,43,3.851733102
717,92,26,21,0.200118133
718,32,16,32,-5.59902439
719,56,85,33,11.35031878
720,49,25,51,-9.04958368
721,29,29,88,-19.14881235
722,37,57,91,-13.04927007
723,95,40,25,2.500110791
724,43,21,82,-19.34945946
725,14,58,49,-0.194923858
726,86,35,38,-2.64986481
727,77,78,33,9.600168634
728,51,3,90,-26.24961568
729,96,44,15,6.500108495
730,91,74,60,0.500120744
731,35,27,20,0.750815661
732,51,64,2,15.40038432
733,13,30,63,-11.39411765
734,45,74,37,7.400493583
735,33,64,13,12.10091743
736,59,62,98,-13.89971281
737,8,87,72,0.165384615
738,63,42,12,6.900251889
739,26,91,31,13.4514771
740,21,15,61,-14.54773756
741,92,23,2,5.150118133
742,21,79,32,10.15226244
743,28,26,67,-13.59872611
744,96,95,57,6.650108495
745,31,38,63,-9.398960499
746,15,35,75,-13.74557522
747,23,99,51,9.451886792
748,80,50,76,-10.29984377
749,74,61,2,14.65018258
750,99,52,4,11.80010202
751,55,68,55,0.500330469
752,34,40,30,1.000864304
753,89,87,5,20.25012623
754,67,60,84,-10.19977728
755,14,8,33,-7.894923858
756,45,54,16,8.700493583
757,44,72,73,-3.899483738
758,31,48,25,4.501039501
759,26,16,34,-6.198522895
760,13,83,68,0.355882353
761,33,11,58,-14.64908257
762,58,73,68,-2.149702823
763,34,55,51,-1.549135696
764,13,96,22,17.40588235
765,97,28,10,4.00010627
766,30,17,94,-23.94889012
767,30,4,0,1.001109878
768,62,66,71,-4.799739922
769,82,73,38,6.850148699
770,30,6,59,-16.19889012
771,55,20,7,2.900330469
772,53,80,22,13.40035587
773,21,30,72,-14.09773756
774,42,18,40,-7.499433428
775,0,14,56,-12.3
776,87,48,1,11.7001321
777,2,56,37,3.1
778,60,75,30,9.750277701
779,7,78,99,-10.18
780,44,5,11,-2.049483738
781,74,10,23,-4.399817418
782,39,46,71,-9.79934297
783,13,67,98,-12.64411765
784,9,54,67,-6.587804878
785,26,56,86,-11.7985229
786,92,71,34,7.550118133
787,15,50,81,-11.79557522
788,18,86,94,-6.696923077
789,35,30,18,2.100815661
790,85,12,57,-14.09986161
791,40,99,24,17.55062461
792,65,66,95,-11.99976337
793,14,33,53,-7.644923858
794,64,74,63,-0.399755919
795,94,10,40,-9.499886839
796,17,41,99,-19.44655172
797,74,3,61,-17.54981742
798,62,91,59,5.050260078
799,71,55,89,-12.94980167
800,38,32,78,-15.39930796
801,63,20,57,-12.09974811
802,53,33,99,-21.44964413
803,9,55,13,9.862195122
804,83,9,35,-8.249854862
805,27,15,83,-21.14863014
806,80,15,40,-8.249843774
807,82,24,7,3.900148699
808,4,29,67,-12.79117647
809,93,33,35,-2.249884393
810,41,18,42,-8.09940547
811,36,62,53,-0.39922899
812,57,20,65,-14.49969231
813,97,99,8,22.35010627
814,80,30,31,-1.799843774
815,93,77,2,18.65011561
816,34,44,17,5.900864304
817,56,6,1,1.200318776
818,64,56,14,9.800244081
819,71,44,52,-4.599801666
820,89,19,76,-18.04987377
821,49,10,47,-11.59958368
822,31,9,39,-9.448960499
823,2,74,96,-10.1
824,51,35,97,-20.34961568
825,19,78,52,3.902762431
826,52,67,40,4.750369686
827,62,58,2,13.90026008
828,94,17,6,2.450113161
829,0,32,96,-19.8
830,13,79,86,-6.044117647
831,14,74,82,-6.094923858
832,58,18,58,-12.89970282
833,58,48,67,-8.099702823
834,56,8,16,-2.799681224
835,60,42,71,-10.7997223
836,71,60,62,-3.599801666
837,10,37,11,5.95990099
838,69,63,0,15.75021
839,64,42,13,6.600244081
840,87,72,10,15.0001321
841,46,49,11,8.950472367
842,75,97,32,14.65017775
843,51,28,69,-13.69961568
844,16,69,15,12.75389105
845,9,2,20,-5.487804878
846,84,8,38,-9.399858297
847,66,65,0,16.25022952
848,58,75,80,-5.249702823
849,12,36,11,5.706896552
850,6,98,8,22.12702703
851,99,20,92,-22.59989798
852,5,62,58,-1.861538462
853,48,48,84,-13.19956616
854,30,62,39,3.801109878
855,32,53,0,13.25097561
856,74,96,19,18.30018258
857,27,5,56,-15.54863014
858,20,12,26,-4.797506234
859,96,6,16,-3.299891505
860,31,53,55,-3.248960499
861,0,86,5,21
862,65,4,28,-7.39976337
863,55,12,52,-12.59966953
864,4,14,23,-3.341176471
865,82,13,70,-17.7498513
866,53,11,26,-5.049644128
867,21,76,86,-6.797737557
868,14,99,39,13.05507614
869,88,66,43,3.600129116
870,71,82,39,8.800198334
871,93,28,14,2.800115607
872,59,18,90,-22.49971281
873,3,39,78,-13.55
874,27,54,75,-8.998630137
875,8,89,69,1.565384615
876,87,38,77,-13.5998679
877,47,10,12,-1.099547511
878,16,64,80,-7.996108949
879,16,99,95,-3.746108949
880,0,40,83,-13.9
881,37,15,98,-25.64927007
882,40,78,99,-10.19937539
883,34,33,58,-9.149135696
884,34,22,86,-20.2991357
885,2,53,73,-8.45
886,51,64,92,-11.59961568
887,64,66,8,14.10024408
888,23,21,1,4.951886792
889,17,27,40,-5.246551724
890,64,41,95,-18.24975592
891,41,84,56,4.20059453
892,71,44,64,-8.199801666
893,5,6,24,-5.661538462
894,0,32,85,-16.5
895,29,88,32,12.40118765
896,0,22,97,-22.6
897,57,54,34,3.300307692
898,34,55,49,-0.949135696
899,76,12,73,-18.8998269
900,4,52,55,-3.441176471
901,20,44,53,-4.897506234
902,3,50,63,-6.3
903,91,75,21,12.45012074
904,34,39,87,-16.3491357
905,81,83,64,1.550152393
906,63,25,43,-6.649748111
907,10,94,17,18.40990099
908,80,53,36,2.450156226
909,82,15,71,-17.5498513
910,28,2,86,-25.29872611
911,43,37,39,-2.449459459
912,16,0,93,-27.89610895
913,60,62,1,15.2002777
914,33,67,34,6.550917431
915,7,44,81,-13.28
916,87,70,15,13.0001321
917,41,65,60,-1.74940547
918,14,61,97,-13.84492386
919,57,30,41,-4.799692308
920,5,47,33,1.888461538
921,17,62,73,-6.396551724
922,36,22,54,-10.69922899
923,85,44,29,2.300138389
924,48,1,97,-28.84956616
925,40,30,59,-10.19937539
926,69,5,84,-23.94979
927,5,94,39,11.83846154
928,73,28,19,1.300187617
929,77,7,53,-14.14983137
930,24,62,13,11.6017331
931,44,27,77,-16.34948374
932,69,81,94,-7.949790004
933,78,14,65,-15.99983566
934,7,2,2,-0.08
935,6,71,27,9.677027027
936,59,42,47,-3.599712809
937,82,99,24,17.5501487
938,14,53,16,8.455076142
939,48,14,43,-9.399566161
940,53,62,91,-11.79964413
941,68,32,59,-9.699783784
942,31,91,88,-3.648960499
943,10,81,66,0.45990099
944,7,85,26,13.47
945,82,89,87,-3.849851301
946,62,31,71,-13.54973992
947,53,47,63,-7.149644128
948,25,82,58,3.101597444
949,91,39,3,8.850120744
950,72,62,3,14.60019286
951,38,98,85,-0.999307958
952,4,93,55,6.808823529
953,37,87,48,7.350729927
954,11,68,82,-7.591803279
955,80,22,93,-22.39984377
956,91,87,16,16.95012074
957,67,25,47,-7.849777283
958,43,76,5,17.50054054
959,64,87,6,19.95024408
960,38,34,2,7.900692042
961,83,71,0,17.75014514
962,95,85,88,-5.149889209
963,87,10,76,-20.2998679
964,15,65,69,-4.445575221
965,95,90,43,9.600110791
966,93,83,33,10.85011561
967,9,14,59,-14.18780488
968,73,26,65,-12.99981238
969,25,42,83,-14.39840256
970,95,47,46,-2.049889209
971,58,28,79,-16.69970282
972,86,37,33,-0.64986481
973,57,26,41,-5.799692308
974,4,51,84,-12.39117647
975,65,2,86,-25.29976337
976,67,84,54,4.800222717
977,95,48,45,-1.499889209
978,46,76,18,13.60047237
979,57,95,26,15.95030769
980,41,21,48,-9.14940547
981,45,32,8,5.600493583
982,12,89,66,2.456896552
983,54,58,10,11.50034282
984,11,17,54,-11.94180328
985,45,52,78,-10.39950642
986,9,68,51,1.712195122
987,29,49,69,-8.448812352
988,13,4,44,-12.19411765
989,17,16,0,4.003448276
990,83,92,23,16.10014514
991,26,49,64,-6.948522895
992,16,87,84,-3.446108949
993,60,44,85,-14.4997223
994,5,17,51,-11.01153846
995,11,8,47,-12.09180328
996,8,36,13,5.115384615
997,18,23,23,-1.146923077
998,34,69,33,7.350864304
999,2,82,88,-5.7
1000,86,43,17,5.65013519
1001,79,55,79,-9.949839795
1002,32,46,92,-16.09902439
1003,41,30,63,-11.39940547
1004,1,42,93,-16.9
1005,72,80,20,14.00019286
1006,94,49,2,11.65011316
1007,97,46,70,-9.49989373
1008,34,90,18,17.1008643
1009,79,92,92,-4.599839795
1010,58,45,54,-4.949702823
1011,94,36,19,3.300113161
1012,70,75,13,14.85020404
1013,83,82,27,12.40014514
1014,3,40,18,4.7
1015,88,14,45,-9.999870884
1016,10,40,77,-13.09009901
1017,84,54,10,10.5001417
1018,66,43,56,-6.049770484
1019,60,49,65,-7.249722299
1020,93,97,49,9.550115607
1021,29,21,24,-1.948812352
1022,94,22,13,1.600113161
1023,26,54,18,8.101477105
1024,27,73,13,14.35136986
1025,16,92,62,4.403891051
1026,72,31,97,-21.34980714
1027,19,44,96,-17.79723757
1028,81,47,8,9.350152393
1029,50,65,0,16.25039984
1030,11,7,63,-17.14180328
1031,18,9,79,-21.44692308
1032,29,10,1,2.201187648
1033,76,3,49,-13.9498269
1034,51,37,18,3.85038432
1035,32,7,5,0.25097561
1036,23,19,6,2.951886792
1037,90,19,83,-20.14987656
1038,64,49,61,-6.049755919
1039,4,79,65,0.308823529
1040,65,82,95,-7.99976337
1041,23,66,77,-6.598113208
1042,84,38,76,-13.2998583
1043,62,80,37,8.900260078
1044,89,7,77,-21.34987377
1045,12,48,20,6.006896552
1046,22,24,93,-21.89793814
1047,61,12,5,1.500268673
1048,75,57,95,-14.24982225
1049,29,26,11,3.201187648
1050,38,92,88,-3.399307958
1051,43,17,43,-8.649459459
1052,98,41,15,5.750104112
1053,96,55,75,-8.749891505
1054,20,67,10,13.75249377
1055,20,77,66,-0.547506234
1056,31,28,43,-5.898960499
1057,3,16,50,-10.9
1058,29,6,19,-4.198812352
1059,81,30,61,-10.79984761
1060,45,20,5,3.500493583
1061,15,15,17,-1.345575221
1062,73,2,80,-23.49981238
1063,73,67,20,10.75018762
1064,23,39,67,-10.34811321
1065,17,87,38,10.35344828
1066,13,91,3,21.85588235
1067,7,31,20,1.77
1068,24,25,52,-9.348266898
1069,12,87,81,-2.543103448
1070,83,76,60,1.000145138
1071,60,93,53,7.350277701
1072,3,2,74,-21.6
1073,88,21,82,-19.34987088
1074,48,50,88,-13.89956616
1075,43,49,45,-1.249459459
1076,19,4,38,-10.39723757
1077,43,25,75,-16.24945946
1078,87,80,16,15.2001321
1079,79,98,49,9.800160205
1080,99,22,18,0.10010202
1081,90,46,1,11.20012344
1082,79,38,49,-5.199839795
1083,77,92,10,20.00016863
1084,64,90,83,-2.399755919
1085,52,84,90,-5.999630314
1086,36,39,71,-11.54922899
1087,30,43,95,-17.74889012
1088,81,84,58,3.600152393
1089,69,98,21,18.20021
1090,77,4,61,-17.29983137
1091,71,63,41,3.450198334
1092,45,4,88,-25.39950642
1093,43,1,86,-25.54945946
1094,86,76,63,0.10013519
1095,3,67,10,13.85
1096,19,48,13,8.102762431
1097,91,28,80,-16.99987926
1098,17,71,27,9.653448276
1099,57,84,47,6.900307692
1100,26,9,29,-6.448522895
1101,65,57,14,10.05023663
1102,96,90,57,5.400108495
1103,32,98,21,18.20097561
1104,6,65,12,12.67702703
1105,55,79,56,2.950330469
1106,81,33,27,0.150152393
1107,51,53,45,-0.24961568
1108,55,51,25,5.250330469
1109,86,36,91,-18.29986481
1110,1,17,18,-0.65
1111,53,23,63,-13.14964413
1112,82,49,17,7.150148699
1113,69,97,48,9.850209996
1114,66,30,71,-13.79977048
1115,81,13,90,-23.74984761
1116,84,8,41,-10.2998583
1117,40,56,50,-0.99937539
1118,1,48,31,3.2
1119,78,29,50,-7.749835661
1120,99,57,29,5.55010202
1121,55,41,49,-4.449669531
1122,16,15,28,-4.646108949
1123,97,60,68,-5.39989373
1124,41,27,2,6.15059453
1125,65,48,77,-11.09976337
1126,0,33,19,3.55
1127,99,79,35,9.25010202
1128,86,92,52,7.40013519
1129,65,4,42,-11.59976337
1130,59,40,64,-9.199712809
1131,55,77,11,15.95033047
1132,0,64,2,16.4
1133,9,34,32,-1.087804878
1134,68,58,7,12.40021622
1135,62,19,31,-4.549739922
1136,10,52,87,-13.09009901
1137,66,97,75,1.750229516
1138,13,45,65,-8.244117647
1139,40,22,63,-13.39937539
1140,57,71,70,-3.249692308
1141,61,88,62,3.400268673
1142,93,76,75,-3.499884393
1143,17,43,58,-6.646551724
1144,90,77,82,-5.349876558
1145,95,98,41,12.20011079
1146,33,61,53,-0.649082569
1147,86,44,75,-11.49986481
1148,42,11,30,-6.249433428
1149,86,22,97,-23.59986481
1150,60,39,21,3.450277701
1151,18,72,62,-0.596923077
1152,43,17,18,-1.149459459
1153,0,31,30,-0.25
1154,93,84,0,21.00011561
1155,78,48,90,-14.99983566
1156,5,49,29,3.588461538
1157,80,81,84,-4.949843774
1158,63,36,22,2.400251889
1159,50,32,55,-8.49960016
1160,84,54,43,0.600141703
1161,36,80,51,4.70077101
1162,3,47,73,-10.05
1163,43,43,23,3.850540541
1164,89,41,23,3.350126231
1165,75,37,16,4.450177746
1166,22,80,97,-9.097938144
1167,74,87,52,6.150182582
1168,22,17,84,-20.94793814
1169,80,64,41,3.700156226
1170,57,76,51,3.700307692
1171,14,87,82,-2.844923858
1172,5,40,47,-4.061538462
1173,28,6,85,-23.99872611
1174,77,32,14,3.800168634
1175,31,73,17,13.1510395
1176,86,39,77,-13.34986481
1177,49,62,31,6.20041632
1178,45,81,21,13.95049358
1179,71,27,47,-7.349801666
1180,85,52,65,-6.499861611
1181,6,97,97,-4.822972973
1182,11,0,46,-13.79180328
1183,7,79,37,8.67
1184,55,29,99,-22.44966953
1185,98,59,17,9.650104112
1186,49,56,64,-5.19958368
1187,6,69,81,-7.022972973
1188,55,77,81,-5.049669531
1189,84,54,93,-14.3998583
1190,64,77,58,1.850244081
1191,23,41,48,-4.148113208
1192,69,26,42,-6.099790004
1193,62,0,29,-8.699739922
1194,52,27,87,-19.34963031
1195,84,83,5,19.2501417
1196,81,91,54,6.550152393
1197,46,17,41,-8.049527633
1198,37,80,68,-0.399270073
1199,40,60,99,-14.69937539
1200,1,34,15,4.5
1201,92,57,57,-2.849881867
1202,7,12,39,-8.68
1203,8,76,40,7.015384615
1204,12,60,81,-9.293103448
1205,21,38,33,-0.397737557
1206,24,61,64,-3.948266898
1207,34,36,20,3.000864304
1208,67,81,91,-7.049777283
1209,69,21,75,-17.24979
1210,94,37,56,-7.549886839
1211,31,56,99,-15.6989605
1212,29,43,70,-10.24881235
1213,54,98,47,10.40034282
1214,64,58,4,13.30024408
1215,19,54,24,6.302762431
1216,22,52,0,13.00206186
1217,46,86,14,17.30047237
1218,43,76,95,-9.499459459
1219,96,0,49,-14.6998915
1220,18,67,51,1.453076923
1221,65,50,2,11.90023663
1222,18,14,80,-20.49692308
1223,84,38,70,-11.4998583
1224,30,32,53,-7.898890122
1225,11,17,81,-20.04180328
1226,12,7,33,-8.143103448
1227,10,40,53,-5.89009901
1228,1,44,65,-8
1229,36,12,37,-8.09922899
1230,9,6,50,-13.48780488
1231,64,37,8,6.850244081
1232,53,69,86,-8.549644128
1233,50,6,24,-5.69960016
1234,4,80,91,-7.241176471
1235,92,49,42,-0.349881867
1236,22,81,19,14.55206186
1237,33,95,17,18.65091743
1238,6,31,13,3.877027027
1239,94,29,97,-21.84988684
1240,62,31,94,-20.44973992
1241,62,19,76,-18.04973992
1242,22,73,49,3.552061856
1243,98,71,90,-9.249895888
1244,68,50,17,7.400216216
1245,14,79,80,-4.244923858
1246,95,21,13,1.350110791
1247,11,83,27,12.65819672
1248,24,89,87,-3.848266898
1249,7,86,27,13.42
1250,12,98,53,8.606896552
1251,78,98,44,11.30016434
1252,68,57,29,5.550216216
1253,86,26,57,-10.59986481
1254,79,46,35,1.000160205
1255,38,67,40,4.750692042
1256,37,28,9,4.300729927
1257,10,1,21,-6.04009901
1258,1,35,94,-18.95
1259,99,38,82,-15.09989798
1260,94,76,23,12.10011316
1261,9,67,8,14.36219512
1262,10,42,86,-15.29009901
1263,10,75,80,-5.24009901
1264,89,29,26,-0.549873769
1265,96,26,45,-6.999891505
1266,69,71,63,-1.149790004
1267,91,55,56,-3.049879256
1268,87,50,72,-9.0998679
1269,73,31,10,4.750187617
1270,71,12,11,-0.299801666
1271,25,87,37,10.65159744
1272,50,67,86,-9.04960016
1273,32,76,9,16.30097561
1274,76,32,95,-20.4998269
1275,76,81,23,13.3501731
1276,47,32,85,-17.49954751
1277,44,62,99,-14.19948374
1278,74,93,60,5.250182582
1279,29,2,21,-5.798812352
1280,78,40,11,6.700164339
1281,78,63,14,11.55016434
1282,55,41,75,-12.24966953
1283,36,4,84,-24.19922899
1284,86,2,1,0.20013519
1285,50,4,30,-7.99960016
1286,83,98,37,13.40014514
1287,10,99,91,-2.54009901
1288,25,45,23,4.351597444
1289,83,62,13,11.60014514
1290,89,16,23,-2.899873769
1291,13,90,87,-3.594117647
1292,32,40,79,-13.69902439
1293,33,85,41,8.950917431
1294,68,36,55,-7.499783784
1295,28,77,37,8.151273885
1296,29,40,49,-4.698812352
1297,35,19,92,-22.84918434
1298,35,81,11,16.95081566
1299,86,68,73,-4.89986481
1300,26,91,51,7.451477105
1301,58,85,51,5.950297177
1302,91,5,6,-0.549879256
1303,26,77,12,15.6514771
1304,74,55,76,-9.049817418
1305,50,86,85,-3.99960016
1306,75,56,90,-12.99982225
1307,31,95,88,-2.648960499
1308,12,99,92,-2.843103448
1309,40,15,23,-3.14937539
1310,86,89,31,12.95013519
1311,55,12,73,-18.89966953
1312,94,47,65,-7.749886839
1313,47,63,60,-2.249547511
1314,71,21,89,-21.44980167
1315,10,97,85,-1.24009901
1316,4,32,14,3.858823529
1317,19,55,95,-14.74723757
1318,89,48,8,9.600126231
1319,88,22,33,-4.399870884
1320,15,23,41,-6.545575221
1321,68,86,0,21.50021622
1322,70,4,66,-18.79979596
1323,20,19,1,4.452493766
1324,92,77,34,9.050118133
1325,24,79,86,-6.048266898
1326,55,26,91,-20.79966953
1327,67,73,64,-0.949777283
1328,48,15,73,-18.14956616
1329,94,23,39,-5.949886839
1330,25,14,85,-21.99840256
1331,41,21,12,1.65059453
1332,9,63,41,3.462195122
1333,87,17,59,-13.4498679
1334,57,89,75,-0.249692308
1335,9,40,90,-16.98780488
1336,10,48,46,-1.79009901
1337,86,80,18,14.60013519
1338,73,62,6,13.70018762
1339,42,88,42,9.400566572
1340,85,32,70,-12.99986161
1341,50,54,67,-6.59960016
1342,94,95,84,-1.449886839
1343,85,93,67,3.150138389
1344,0,65,97,-11.85
1345,99,91,73,0.85010202
1346,33,74,83,-6.399082569
1347,64,80,72,-1.599755919
1348,97,54,37,2.40010627
1349,54,95,93,-4.149657182
1350,37,65,73,-5.649270073
1351,11,72,94,-10.19180328
1352,75,77,89,-7.449822254
1353,76,41,87,-15.8498269
1354,36,84,61,2.70077101
1355,95,98,86,-1.299889209
1356,18,34,51,-6.796923077
1357,85,11,39,-8.949861611
1358,22,45,68,-9.147938144
1359,73,45,74,-10.94981238
1360,75,39,68,-10.64982225
1361,48,59,25,7.250433839
1362,50,55,24,6.55039984
1363,83,7,71,-19.54985486
1364,38,1,78,-23.14930796
1365,92,50,31,3.200118133
1366,74,94,9,20.80018258
1367,79,99,0,24.75016021
1368,15,66,21,10.20442478
1369,97,63,4,14.55010627
1370,96,81,11,16.9501085
1371,81,27,77,-16.34984761
1372,85,17,21,-2.049861611
1373,14,63,21,9.455076142
1374,71,99,76,1.950198334
1375,26,79,98,-9.648522895
1376,42,55,14,9.550566572
1377,70,51,88,-13.64979596
1378,46,12,91,-24.29952763
1379,48,23,6,3.950433839
1380,11,9,15,-2.241803279
1381,76,85,26,13.4501731
1382,24,37,53,-6.648266898
1383,71,88,42,9.400198334
1384,88,59,4,13.55012912
1385,62,24,60,-11.99973992
1386,40,9,33,-7.64937539
1387,7,77,27,11.17
1388,63,31,13,3.850251889
1389,71,4,42,-11.59980167
1390,27,6,24,-5.698630137
1391,66,59,38,3.350229516
1392,30,99,8,22.35110988
1393,80,45,74,-10.94984377
1394,30,66,43,3.601109878
1395,34,63,9,13.0508643
1396,8,95,10,20.76538462
1397,44,85,64,2.050516262
1398,81,2,58,-16.89984761
1399,95,85,18,15.85011079
1400,47,59,12,11.15045249
1401,22,17,21,-2.047938144
1402,41,53,24,6.05059453
1403,15,79,25,12.25442478
1404,61,70,67,-2.599731327
1405,84,76,68,-1.399858297
1406,80,9,36,-8.549843774
1407,7,12,79,-20.68
1408,21,66,36,5.702262443
1409,29,12,45,-10.49881235
1410,79,53,94,-14.94983979
1411,98,84,96,-7.799895888
1412,96,41,87,-15.8498915
1413,44,1,60,-17.74948374
1414,31,47,72,-9.848960499
1415,15,75,43,5.854424779
1416,44,84,47,6.900516262
1417,42,0,81,-24.29943343
1418,80,98,41,12.20015623
1419,82,28,8,4.600148699
1420,41,0,66,-19.79940547
1421,61,8,97,-27.09973133
1422,23,75,99,-10.94811321
1423,27,14,67,-16.59863014
1424,7,24,36,-4.78
1425,22,11,57,-14.34793814
1426,14,33,64,-10.94492386
1427,8,14,89,-23.18461538
1428,56,24,58,-11.39968122
1429,81,69,59,-0.449847607
1430,85,22,88,-20.89986161
1431,4,16,53,-11.84117647
1432,7,65,53,0.37
1433,58,93,78,-0.149702823
1434,20,81,83,-4.647506234
1435,94,91,40,10.75011316
1436,0,65,40,5.25
1437,79,59,12,11.15016021
1438,79,74,46,4.700160205
1439,39,52,85,-12.49934297
1440,82,22,98,-23.8998513
1441,70,1,63,-18.64979596
1442,3,50,95,-15.9
1443,50,77,7,17.15039984
1444,91,92,28,14.60012074
1445,98,68,26,9.200104112
1446,5,35,77,-14.31153846
1447,62,9,21,-4.049739922
1448,9,0,62,-18.58780488
1449,68,58,68,-5.899783784
1450,59,91,15,18.25028719
1451,28,56,43,1.101273885
1452,86,51,53,-3.14986481
1453,8,96,1,23.71538462
1454,68,45,2,10.65021622
1455,69,52,73,-8.899790004
1456,84,81,83,-4.649858297
1457,11,99,38,13.35819672
1458,93,96,28,15.60011561
1459,1,13,38,-7.65
1460,52,9,27,-5.849630314
1461,77,43,49,-3.949831366
1462,29,30,98,-21.89881235
1463,52,33,46,-5.549630314
1464,56,96,48,9.600318776
1465,90,34,48,-5.899876558
1466,10,46,92,-16.09009901
1467,23,6,79,-22.19811321
1468,43,3,46,-13.04945946
1469,69,59,61,-3.549790004
1470,63,65,6,14.45025189
1471,73,73,25,10.75018762
1472,69,37,35,-1.249790004
1473,65,99,14,20.55023663
1474,25,59,63,-4.148402556
1475,28,45,30,2.251273885
1476,51,48,78,-11.39961568
1477,30,26,60,-11.49889012
1478,90,12,7,0.900123442
1479,80,1,7,-1.849843774
1480,72,97,33,14.35019286
1481,85,90,73,0.600138389
1482,97,13,69,-17.44989373
1483,87,51,59,-4.9498679
1484,58,24,10,3.000297177
1485,0,61,69,-4.45
1486,50,48,36,1.20039984
1487,98,13,8,0.850104112
1488,19,53,40,1.252762431
1489,54,48,4,10.80034282
1490,50,66,38,5.10039984
1491,50,74,89,-8.19960016
1492,52,86,4,20.30036969
1493,69,23,44,-7.449790004
1494,38,66,91,-10.79930796
1495,29,28,54,-9.198812352
1496,74,19,3,3.850182582
1497,54,10,73,-19.39965718
1498,99,28,48,-7.39989798
1499,91,5,25,-6.249879256
1500,41,13,87,-22.84940547
1501,34,33,93,-19.6491357
1502,56,0,48,-14.39968122
1503,77,93,96,-5.549831366
1504,41,0,7,-2.09940547
1505,7,76,13,15.12
1506,21,85,31,11.95226244
1507,94,98,59,6.800113161
1508,10,14,16,-1.29009901
1509,43,19,89,-21.94945946
1510,82,11,68,-17.6498513
1511,95,58,95,-13.99988921
1512,16,90,33,12.60389105
1513,4,62,26,7.758823529
1514,2,17,87,-21.65
1515,89,52,12,9.400126231
1516,3,19,37,-6.25
1517,84,20,36,-5.799858297
1518,21,74,4,17.30226244
1519,22,28,49,-7.697938144
1520,42,46,48,-2.899433428
1521,13,69,65,-2.244117647
1522,73,71,24,10.55018762
1523,42,83,95,-7.749433428
1524,14,71,36,6.955076142
1525,49,16,1,3.70041632
1526,75,10,93,-25.39982225
1527,64,43,55,-5.749755919
1528,61,77,70,-1.749731327
1529,79,95,80,-0.249839795
1530,53,74,6,16.70035587
1531,79,69,72,-4.349839795
1532,96,49,4,11.0501085
1533,64,12,91,-24.29975592
1534,48,94,82,-1.099566161
1535,8,90,15,18.01538462
1536,76,97,29,15.5501731
1537,52,77,27,11.15036969
1538,29,73,1,17.95118765
1539,78,97,53,8.350164339
1540,94,54,72,-8.099886839
1541,1,37,55,-6.75
1542,39,1,12,-3.34934297
1543,63,67,52,1.150251889
1544,94,61,75,-7.249886839
1545,18,0,34,-10.19692308
1546,49,64,33,6.10041632
1547,2,6,74,-20.5
1548,50,66,48,2.10039984
1549,25,73,27,10.15159744
1550,79,68,34,6.800160205
1551,94,77,69,-1.449886839
1552,22,75,80,-5.247938144
1553,74,41,67,-9.849817418
1554,67,35,61,-9.549777283
1555,62,30,71,-13.79973992
1556,25,46,45,-1.998402556
1557,88,52,60,-4.999870884
1558,86,39,9,7.05013519
1559,66,53,74,-8.949770484
1560,45,23,16,0.950493583
1561,93,31,59,-9.949884393
1562,34,25,4,5.050864304
1563,44,68,20,11.00051626
1564,0,2,51,-13.8
1565,79,21,26,-2.549839795
1566,68,18,68,-15.89978378
1567,53,72,14,13.80035587
1568,78,62,55,-0.999835661
1569,29,41,85,-15.24881235
1570,27,94,72,1.901369863
1571,12,31,17,2.656896552
1572,7,48,19,6.32
1573,94,14,96,-25.29988684
1574,66,17,20,-1.749770484
1575,14,87,71,0.455076142
1576,41,44,58,-6.39940547
1577,30,33,28,-0.148890122
1578,44,27,97,-22.34948374
1579,49,28,62,-11.59958368
1580,65,83,23,13.85023663
1581,69,73,49,3.550209996
1582,78,66,75,-5.999835661
1583,15,4,86,-24.79557522
1584,46,57,62,-4.349527633
1585,67,74,90,-8.499777283
1586,56,6,2,0.900318776
1587,87,50,23,5.6001321
1588,39,37,56,-7.54934297
1589,90,50,88,-13.89987656
1590,83,7,62,-16.84985486
1591,73,53,56,-3.549812383
1592,32,13,16,-1.54902439
1593,95,73,6,16.45011079
1594,96,55,11,10.4501085
1595,51,8,53,-13.89961568
1596,93,1,36,-10.54988439
1597,42,35,15,4.250566572
1598,54,81,29,11.55034282
1599,87,98,86,-1.2998679
1600,31,64,71,-5.298960499
1601,10,62,75,-6.99009901
1602,38,52,41,0.700692042
1603,77,72,26,10.20016863
1604,48,83,30,11.75043384
1605,14,81,60,2.255076142
1606,52,59,6,12.95036969
1607,52,50,25,5.000369686
1608,65,24,78,-17.39976337
1609,19,33,63,-10.64723757
1610,1,84,46,7.7
1611,94,7,47,-12.34988684
1612,56,16,74,-18.19968122
1613,45,56,11,10.70049358
1614,57,12,42,-9.599692308
1615,32,68,76,-5.79902439
1616,54,0,74,-22.19965718
1617,11,53,2,12.65819672
1618,80,15,15,-0.749843774
1619,84,70,87,-8.599858297
1620,68,52,57,-4.099783784
1621,75,92,77,-0.099822254
1622,84,73,31,8.950141703
1623,66,91,88,-3.649770484
1624,53,60,7,12.90035587
1625,84,70,4,16.3001417
1626,3,39,51,-5.45
1627,33,21,78,-18.14908257
1628,2,39,40,-2.05
1629,25,76,48,4.601597444
1630,17,78,26,11.70344828
1631,87,30,29,-1.1998679
1632,48,18,64,-14.69956616
1633,99,90,25,15.00010202
1634,67,79,51,4.450222717
1635,88,97,19,18.55012912
1636,43,34,40,-3.499459459
1637,19,82,41,8.202762431
1638,98,64,5,14.50010411
1639,43,38,37,-1.599459459
1640,59,30,37,-3.599712809
1641,92,31,56,-9.049881867
1642,81,59,39,3.050152393
1643,11,23,13,1.858196721
1644,28,9,33,-7.648726115
1645,16,36,1,8.703891051
1646,14,92,90,-3.994923858
1647,76,8,81,-22.2998269
1648,50,12,19,-2.69960016
1649,2,8,26,-5.6
1650,46,64,69,-4.699527633
1651,42,42,31,1.200566572
1652,59,2,16,-4.299712809
1653,3,93,66,3.55
1654,65,22,31,-3.79976337
1655,46,39,67,-10.34952763
1656,89,53,92,-14.34987377
1657,55,81,64,1.050330469
1658,35,39,10,6.750815661
1659,91,72,55,1.500120744
1660,66,15,13,-0.149770484
1661,59,67,81,-7.549712809
1662,34,27,12,3.150864304
1663,29,79,21,13.45118765
1664,36,26,51,-8.79922899
1665,2,77,97,-9.65
1666,96,80,74,-2.199891505
1667,54,6,6,-0.299657182
1668,74,61,41,2.950182582
1669,46,2,36,-10.29952763
1670,50,68,87,-9.09960016
1671,58,57,52,-1.349702823
1672,24,96,3,23.1017331
1673,21,20,7,2.902262443
1674,5,68,43,4.138461538
1675,2,10,70,-18.3
1676,77,0,7,-2.099831366
1677,71,45,6,9.450198334
1678,96,38,67,-10.5998915
1679,0,11,75,-18.75
1680,88,66,41,4.200129116
1681,26,6,88,-24.8985229
1682,74,11,63,-16.14981742
1683,4,92,68,2.658823529
1684,24,49,5,10.7517331
1685,13,40,39,-1.694117647
1686,27,21,80,-18.74863014
1687,17,90,78,-0.896551724
1688,16,10,66,-17.29610895
1689,54,29,7,5.150342818
1690,60,4,66,-18.7997223
1691,65,39,5,8.25023663
1692,43,15,20,-2.249459459
1693,83,64,68,-4.399854862
1694,96,91,5,21.2501085
1695,94,90,49,7.800113161
1696,5,11,21,-3.511538462
1697,95,30,2,6.900110791
1698,86,49,38,0.85013519
1699,46,79,51,4.450472367
1700,97,70,7,15.40010627
1701,52,95,36,12.95036969
1702,99,14,74,-18.69989798
1703,42,49,14,8.050566572
1704,46,77,38,7.850472367
1705,57,34,55,-7.999692308
1706,85,27,55,-9.749861611
1707,30,20,22,-1.598890122
1708,14,60,96,-13.79492386
1709,98,85,4,20.05010411
1710,31,59,0,14.7510395
1711,26,35,14,4.551477105
1712,84,69,38,5.850141703
1713,62,18,88,-21.89973992
1714,72,52,52,-2.599807136
1715,35,12,11,-0.299184339
1716,97,53,34,3.05010627
1717,97,88,98,-7.39989373
1718,95,30,57,-9.599889209
1719,42,4,60,-16.99943343
1720,40,29,71,-14.04937539
1721,97,78,12,15.90010627
1722,19,84,62,2.402762431
1723,35,68,60,-0.999184339
1724,81,59,21,8.450152393
1725,97,34,29,-0.19989373
1726,44,5,83,-23.64948374
1727,97,56,29,5.30010627
1728,40,18,4,3.30062461
1729,69,20,51,-10.29979
1730,0,13,68,-16.15
1731,52,69,1,16.95036969
1732,19,3,63,-18.14723757
1733,33,17,98,-25.14908257
1734,11,27,85,-18.74180328
1735,98,52,67,-7.099895888
1736,84,4,55,-15.4998583
1737,28,10,72,-19.09872611
1738,50,17,17,-0.84960016
1739,89,64,94,-12.19987377
1740,42,29,71,-14.04943343
1741,6,10,30,-6.472972973
1742,93,22,94,-22.69988439
1743,68,57,68,-6.149783784
1744,25,69,15,12.75159744
1745,51,88,0,22.00038432
1746,97,60,29,6.30010627
1747,27,72,96,-10.79863014
1748,78,72,98,-11.39983566
1749,98,44,63,-7.899895888
1750,54,23,35,-4.749657182
1751,40,56,56,-2.79937539
1752,17,90,12,18.90344828
1753,16,11,18,-2.646108949
1754,71,78,9,16.80019833
1755,40,42,93,-17.39937539
1756,89,83,69,0.050126231
1757,90,12,87,-23.09987656
1758,46,3,51,-14.54952763
1759,29,32,93,-19.89881235
1760,81,52,37,1.900152393
1761,45,96,81,-0.299506417
1762,54,81,47,6.150342818
1763,47,24,65,-13.49954751
1764,4,24,9,3.358823529
1765,79,45,94,-16.94983979
1766,19,84,42,8.402762431
1767,61,65,38,4.850268673
1768,98,24,97,-23.09989589
1769,68,98,73,2.600216216
1770,10,91,23,15.85990099
1771,42,66,53,0.600566572
1772,68,26,1,6.200216216
1773,61,59,45,1.250268673
1774,4,77,8,16.90882353
1775,72,79,71,-1.549807136
1776,61,48,57,-5.099731327
1777,69,88,91,-5.299790004
1778,54,11,81,-21.54965718
1779,16,4,66,-18.79610895
1780,91,59,84,-10.44987926
1781,1,39,32,0.65
1782,87,20,85,-20.4998679
1783,45,41,42,-2.349506417
1784,81,29,39,-4.449847607
1785,67,41,83,-14.64977728
1786,86,97,65,4.75013519
1787,35,73,66,-1.549184339
1788,72,13,21,-3.049807136
1789,41,63,84,-9.44940547
1790,10,48,46,-1.79009901
1791,89,54,70,-7.499873769
1792,39,15,52,-11.84934297
1793,4,26,12,2.958823529
1794,90,13,17,-1.849876558
1795,50,46,8,9.10039984
1796,32,72,71,-3.29902439
1797,57,63,36,4.950307692
1798,41,48,14,7.80059453
1799,34,84,90,-5.999135696
1800,33,1,19,-5.449082569
1801,38,27,24,-0.449307958
1802,92,85,58,3.850118133
1803,99,39,59,-7.94989798
1804,11,72,88,-8.391803279
1805,44,4,98,-28.39948374
1806,49,64,10,13.00041632
1807,97,78,62,0.90010627
1808,54,90,42,9.900342818
1809,68,12,96,-25.79978378
1810,11,41,60,-7.741803279
1811,72,73,81,-6.049807136
1812,85,70,89,-9.199861611
1813,52,27,41,-5.549630314
1814,29,14,12,-0.098812352
1815,8,38,81,-14.78461538
1816,52,45,5,9.750369686
1817,48,6,51,-13.79956616
1818,77,76,47,4.900168634
1819,70,12,87,-23.09979596
1820,75,65,50,1.250177746
1821,71,24,45,-7.499801666
1822,45,86,49,6.800493583
1823,95,56,55,-2.499889209
1824,25,78,90,-7.498402556
1825,76,2,54,-15.6998269
1826,29,52,98,-16.39881235
1827,31,15,41,-8.548960499
1828,20,60,60,-2.997506234
1829,76,9,52,-13.3498269
1830,4,17,78,-19.09117647
1831,92,0,14,-4.199881867
1832,19,3,20,-5.247237569
1833,69,0,74,-22.19979
1834,90,41,13,6.350123442
1835,19,13,11,-0.047237569
1836,18,75,64,-0.446923077
1837,2,28,73,-14.7
1838,34,15,9,1.050864304
1839,61,99,58,7.350268673
1840,30,54,38,2.101109878
1841,34,69,38,5.850864304
1842,99,14,89,-23.19989798
1843,60,34,69,-12.1997223
1844,55,70,8,15.10033047
1845,65,78,51,4.20023663
1846,90,74,94,-9.699876558
1847,60,48,30,3.000277701
1848,2,25,59,-11.25
1849,55,78,13,15.60033047
1850,5,99,23,17.88846154
1851,31,83,97,-8.348960499
1852,69,44,11,7.700209996
1853,48,84,55,4.500433839
1854,91,36,48,-5.399879256
1855,63,97,16,19.45025189
1856,82,10,94,-25.6998513
1857,85,42,15,6.000138389
1858,60,17,68,-16.1497223
1859,7,98,77,1.42
1860,71,1,61,-18.04980167
1861,71,92,17,17.90019833
1862,65,82,37,9.40023663
1863,1,49,47,-1.35
1864,82,31,32,-1.849851301
1865,7,22,12,1.92
1866,10,52,68,-7.39009901
1867,52,26,69,-14.19963031
1868,59,0,87,-26.09971281
1869,44,28,5,5.500516262
1870,30,62,13,11.60110988
1871,71,20,0,5.000198334
1872,76,53,28,4.8501731
1873,92,49,58,-5.149881867
1874,19,78,38,8.102762431
1875,18,94,34,13.30307692
1876,42,18,87,-21.59943343
1877,5,14,39,-8.161538462
1878,66,22,2,4.900229516
1879,84,56,72,-7.599858297
1880,41,28,99,-22.69940547
1881,54,36,61,-9.299657182
1882,20,21,38,-6.147506234
1883,9,98,33,14.61219512
1884,92,75,86,-7.049881867
1885,65,82,81,-3.79976337
1886,58,71,62,-0.849702823
1887,38,19,47,-9.349307958
1888,6,90,70,1.527027027
1889,52,93,71,1.950369686
1890,31,0,52,-15.5989605
1891,3,1,37,-10.75
1892,60,45,50,-3.749722299
1893,38,39,56,-7.049307958
1894,7,75,33,8.87
1895,36,35,78,-14.64922899
1896,53,81,38,8.850355872
1897,79,55,21,7.450160205
1898,29,63,64,-3.448812352
1899,33,72,65,-1.499082569
1900,89,7,95,-26.74987377
1901,82,97,52,8.650148699
1902,3,17,93,-23.55
1903,57,35,69,-11.94969231
1904,46,6,78,-21.89952763
1905,8,58,63,-4.384615385
1906,62,49,67,-7.849739922
1907,35,4,46,-12.79918434
1908,46,63,37,4.650472367
1909,15,93,96,-5.545575221
1910,13,64,66,-3.794117647
1911,29,27,43,-6.148812352
1912,5,44,43,-1.861538462
1913,0,22,62,-12.1
1914,7,54,9,10.82
1915,64,71,31,8.450244081
1916,94,19,94,-23.44988684
1917,33,57,19,8.550917431
1918,54,14,31,-5.799657182
1919,80,9,86,-23.54984377
1920,13,14,51,-11.79411765
1921,9,84,65,1.512195122
1922,90,92,87,-3.099876558
1923,98,56,26,6.200104112
1924,3,73,57,1.25
1925,46,51,10,9.750472367
1926,47,96,92,-3.599547511
1927,73,97,98,-5.149812383
1928,0,42,99,-18.2
1929,24,93,82,-1.348266898
1930,70,54,28,5.10020404
1931,6,88,4,20.82702703
1932,65,17,48,-10.14976337
1933,57,85,6,19.45030769
1934,94,98,9,21.80011316
1935,85,73,79,-5.449861611
1936,58,95,75,1.250297177
1937,11,72,51,2.708196721
1938,42,8,87,-24.09943343
1939,59,14,43,-9.399712809
1940,88,23,22,-0.849870884
1941,5,81,38,8.888461538
1942,79,13,44,-9.949839795
1943,10,84,16,16.20990099
1944,2,57,35,3.95
1945,20,17,20,-1.747506234
1946,30,45,81,-13.04889012
1947,76,17,82,-20.3498269
1948,57,13,68,-17.14969231
1949,88,7,74,-20.44987088
1950,53,84,70,0.000355872
1951,5,82,69,-0.161538462
1952,72,53,87,-12.84980714
1953,97,18,75,-17.99989373
1954,29,47,49,-2.948812352
1955,36,9,70,-18.74922899
1956,97,25,75,-16.24989373
1957,88,16,24,-3.199870884
1958,15,90,82,-2.095575221
1959,92,43,80,-13.24988187
1960,72,75,58,1.350192864
1961,12,83,33,10.85689655
1962,36,99,31,15.45077101
1963,13,41,42,-2.344117647
1964,42,92,68,2.600566572
1965,34,67,30,7.750864304
1966,82,7,42,-10.8498513
1967,70,2,6,-1.29979596
1968,59,63,62,-2.849712809
1969,76,63,95,-12.7498269
1970,59,49,2,11.65028719
1971,97,29,35,-3.24989373
1972,22,63,70,-5.247938144
1973,77,9,54,-13.94983137
1974,5,5,1,0.988461538
1975,98,47,77,-11.34989589
1976,19,91,98,-6.647237569
1977,74,12,40,-8.999817418
1978,27,28,25,-0.498630137
1979,98,43,36,-0.049895888
1980,24,81,2,19.6517331
1981,25,26,86,-19.29840256
1982,99,89,32,12.65010202
1983,0,58,70,-5.5
1984,31,57,59,-3.448960499
1985,23,16,12,0.401886792
1986,69,48,53,-3.899790004
1987,77,31,94,-20.44983137
1988,3,58,67,-5.5
1989,13,23,23,-1.144117647
1990,32,24,12,2.40097561
1991,94,4,77,-22.09988684
1992,50,17,57,-12.84960016
1993,94,44,35,0.500113161
1994,8,85,7,19.16538462
1995,4,36,74,-13.14117647
1996,79,57,22,7.650160205
1997,11,77,21,12.95819672
1998,77,97,98,-5.149831366
1999,64,63,17,10.65024408
2000,63,71,59,0.050251889
2001,19,92,52,7.402762431
2002,86,5,11,-2.04986481
2003,67,74,92,-9.099777283
2004,32,9,74,-19.94902439
2005,36,25,62,-12.34922899
2006,12,20,9,2.306896552
2007,90,3,38,-10.64987656
2008,15,39,56,-7.045575221
2009,56,9,30,-6.749681224
2010,41,94,94,-4.69940547
2011,81,77,14,15.05015239
2012,28,60,5,13.50127389
2013,74,30,93,-20.39981742
2014,54,7,57,-15.34965718
2015,82,58,41,2.200148699
2016,73,32,65,-11.49981238
2017,49,0,61,-18.29958368
2018,64,87,94,-6.449755919
2019,17,68,68,-3.396551724
2020,2,84,2,20.6
2021,98,11,40,-9.249895888
2022,99,90,98,-6.89989798
2023,44,60,8,12.60051626
2024,5,83,30,11.78846154
2025,86,85,10,18.25013519
2026,44,44,52,-4.599483738
2027,1,51,35,2.75
2028,39,3,85,-24.74934297
2029,23,16,75,-18.49811321
2030,63,1,60,-17.74974811
2031,30,34,59,-9.198890122
2032,25,18,80,-19.49840256
2033,36,85,27,13.15077101
2034,79,9,31,-7.049839795
2035,37,22,0,5.500729927
2036,15,88,65,2.504424779
2037,6,28,52,-8.572972973
2038,93,13,96,-25.54988439
2039,95,0,18,-5.399889209
2040,95,22,20,-0.499889209
2041,39,10,79,-21.19934297
2042,70,65,98,-13.14979596
2043,13,82,92,-7.094117647
2044,94,54,11,10.20011316
2045,83,74,97,-10.59985486
2046,14,9,57,-14.84492386
2047,4,28,26,-0.741176471
2048,35,22,24,-1.699184339
2049,88,68,76,-5.799870884
2050,68,56,86,-11.79978378
2051,99,31,10,4.75010202
2052,48,4,11,-2.299566161
2053,46,64,9,13.30047237
2054,73,23,11,2.450187617
2055,5,65,72,-5.311538462
2056,37,8,8,-0.399270073
2057,84,22,97,-23.5998583
2058,7,75,29,10.07
2059,59,5,84,-23.94971281
2060,4,39,2,9.208823529
2061,25,1,73,-21.64840256
2062,35,53,79,-10.44918434
2063,85,49,48,-2.149861611
2064,80,64,87,-10.09984377
2065,96,43,45,-2.749891505
2066,83,34,0,8.500145138
2067,29,67,73,-5.148812352
2068,85,36,7,6.900138389
2069,50,56,27,5.90039984
2070,6,88,40,10.02702703
2071,35,33,96,-20.54918434
2072,56,9,32,-7.349681224
2073,70,66,96,-12.29979596
2074,20,37,82,-15.34750623
2075,97,66,76,-6.29989373
2076,87,42,31,1.2001321
2077,81,47,31,2.450152393
2078,46,86,12,17.90047237
2079,31,14,39,-8.198960499
2080,20,16,37,-7.097506234
2081,68,26,11,3.200216216
2082,53,87,61,3.450355872
2083,76,28,62,-11.5998269
2084,88,99,91,-2.549870884
2085,3,61,52,-0.25
2086,68,67,78,-6.649783784
2087,44,10,41,-9.799483738
2088,65,48,67,-8.09976337
2089,15,19,75,-17.74557522
2090,79,49,41,-0.049839795
2091,93,68,8,14.60011561
2092,86,1,22,-6.34986481
2093,6,56,35,3.527027027
2094,52,82,58,3.100369686
2095,79,13,89,-23.44983979
2096,75,67,67,-3.349822254
2097,82,16,87,-22.0998513
2098,58,99,6,22.95029718
2099,32,42,29,1.80097561
2100,5,49,13,8.388461538
2101,8,70,31,8.215384615
2102,80,90,30,13.50015623
2103,54,47,67,-8.349657182
2104,22,16,79,-19.69793814
2105,0,50,18,8.1
2106,43,45,66,-8.549459459
2107,47,84,39,9.300452489
2108,80,93,31,13.95015623
2109,89,57,65,-5.249873769
2110,66,82,92,-7.099770484
2111,33,32,75,-14.49908257
2112,36,92,58,5.60077101
2113,12,39,30,0.756896552
2114,0,27,19,2.05
2115,92,39,21,3.450118133
2116,23,9,63,-16.64811321
2117,10,8,58,-15.39009901
2118,57,91,80,-1.249692308
2119,23,95,91,-3.548113208
2120,27,95,43,10.85136986
2121,20,98,59,6.802493766
2122,31,28,27,-1.098960499
2123,46,95,48,9.350472367
2124,78,80,11,16.70016434
2125,44,83,24,13.55051626
2126,74,48,34,1.800182582
2127,52,56,64,-5.199630314
2128,67,19,4,3.550222717
2129,18,95,16,18.95307692
2130,95,35,83,-16.14988921
2131,99,77,16,14.45010202
2132,19,5,81,-23.04723757
2133,4,73,13,14.40882353
2134,4,20,5,3.558823529
2135,13,98,96,-4.294117647
2136,31,13,25,-4.248960499
2137,83,64,56,-0.799854862
2138,0,85,68,1.85
2139,57,97,10,21.25030769
2140,15,32,88,-18.39557522
2141,45,83,48,6.350493583
2142,89,31,20,1.750126231
2143,88,20,63,-13.89987088
2144,2,71,24,10.75
2145,14,90,64,3.305076142
2146,47,5,99,-28.44954751
2147,10,94,63,4.60990099
2148,66,12,82,-21.59977048
2149,99,43,4,9.55010202
2150,33,84,80,-2.999082569
2151,90,88,62,3.400123442
2152,39,19,58,-12.64934297
2153,58,14,77,-19.59970282
2154,10,59,43,1.85990099
2155,43,95,47,9.650540541
2156,14,10,59,-15.19492386
2157,28,74,84,-6.698726115
2158,55,73,61,-0.049669531
2159,28,12,95,-25.49872611
2160,76,41,52,-5.3498269
2161,87,67,5,15.2501321
2162,52,73,21,11.95036969
2163,60,69,39,5.550277701
2164,43,66,3,15.60054054
2165,43,21,90,-21.74945946
2166,13,39,95,-18.74411765
2167,17,83,15,16.25344828
2168,15,23,53,-10.14557522
2169,94,94,22,16.90011316
2170,49,41,16,5.45041632
2171,80,82,64,1.300156226
2172,57,35,0,8.750307692
2173,32,68,91,-10.29902439
2174,76,84,72,-0.5998269
2175,7,1,20,-5.73
2176,2,16,42,-8.4
2177,27,71,42,5.151369863
2178,60,42,37,-0.599722299
2179,34,79,10,16.7508643
2180,10,71,24,10.55990099
2181,99,85,4,20.05010202
2182,89,43,22,4.150126231
2183,7,45,10,8.27
2184,46,69,0,17.25047237
2185,16,66,50,1.503891051
2186,90,15,76,-19.04987656
2187,77,43,60,-7.249831366
2188,20,68,90,-9.997506234
2189,29,14,63,-15.39881235
2190,68,30,74,-14.69978378
2191,50,63,55,-0.74960016
2192,36,57,55,-2.24922899
2193,45,72,17,12.90049358
2194,50,24,54,-10.19960016
2195,24,47,10,8.751733102
2196,71,99,23,17.85019833
2197,71,40,79,-13.69980167
2198,39,17,72,-17.34934297
2199,33,11,15,-1.749082569
2200,88,89,94,-5.949870884
2201,87,4,28,-7.3998679
2202,49,71,14,13.55041632
2203,44,13,25,-4.249483738
2204,58,75,99,-10.94970282
2205,11,25,43,-6.641803279
2206,33,70,60,-0.499082569
2207,59,5,79,-22.44971281
2208,98,11,60,-15.24989589
2209,70,99,59,7.05020404
2210,47,7,33,-8.149547511
2211,49,98,39,12.80041632
2212,8,55,1,13.46538462
2213,49,59,14,10.55041632
2214,74,8,43,-10.89981742
2215,25,6,90,-25.49840256
2216,46,35,16,3.950472367
2217,79,75,80,-5.249839795
2218,64,92,79,-0.699755919
2219,13,66,73,-5.394117647
2220,63,76,27,10.90025189
2221,26,64,62,-2.598522895
2222,77,46,40,-0.499831366
2223,8,26,89,-20.18461538
2224,28,52,3,12.10127389
2225,63,49,42,-0.349748111
2226,82,78,10,16.5001487
2227,83,64,2,15.40014514
2228,27,37,61,-9.048630137
2229,71,3,16,-4.049801666
2230,18,91,21,16.45307692
2231,98,93,55,6.750104112
2232,90,35,94,-19.44987656
2233,4,34,65,-10.94117647
2234,4,75,69,-1.891176471
2235,30,22,42,-7.098890122
2236,45,94,30,14.50049358
2237,33,5,16,-3.549082569
2238,57,66,70,-4.499692308
2239,91,19,80,-19.24987926
2240,32,47,55,-4.74902439
2241,15,1,49,-14.44557522
2242,8,33,73,-13.63461538
2243,3,47,23,4.95
2244,62,99,42,12.15026008
2245,57,48,28,3.600307692
2246,45,45,66,-8.549506417
2247,30,53,33,3.351109878
2248,43,85,65,1.750540541
2249,44,62,10,12.50051626
2250,34,65,28,7.850864304
2251,25,40,23,3.101597444
2252,53,60,27,6.900355872
2253,54,13,95,-25.24965718
2254,8,2,7,-1.584615385
2255,16,9,20,-3.746108949
2256,71,58,97,-14.59980167
2257,56,55,84,-11.44968122
2258,20,44,21,4.702493766
2259,14,5,50,-13.74492386
2260,19,89,2,21.65276243
2261,76,73,28,9.8501731
2262,41,46,16,6.70059453
2263,29,72,54,1.801187648
2264,56,43,42,-1.849681224
2265,51,50,21,6.20038432
2266,78,19,13,0.850164339
2267,44,21,81,-19.04948374
2268,0,75,59,2.05
2269,26,46,17,6.401477105
2270,52,75,46,4.950369686
2271,91,27,84,-18.44987926
2272,69,28,99,-22.69979
2273,24,48,13,8.101733102
2274,18,11,47,-11.34692308
2275,85,47,65,-7.749861611
2276,28,37,32,-0.348726115
2277,16,69,53,1.353891051
2278,83,78,79,-4.199854862
2279,95,39,31,0.450110791
2280,56,41,60,-7.749681224
2281,18,34,8,6.103076923
2282,7,29,52,-8.33
2283,75,42,80,-13.49982225
2284,74,49,26,4.450182582
2285,68,52,97,-16.09978378
2286,82,20,49,-9.699851301
2287,83,0,69,-20.69985486
2288,84,20,94,-23.1998583
2289,40,30,3,6.60062461
2290,99,71,42,5.15010202
2291,52,43,97,-18.34963031
2292,24,21,32,-4.348266898
2293,17,92,60,5.003448276
2294,88,7,23,-5.149870884
2295,6,79,65,0.277027027
2296,26,39,10,6.751477105
2297,58,45,62,-7.349702823
2298,96,83,66,0.950108495
2299,41,66,88,-9.89940547
2300,45,59,3,13.85049358
2301,25,43,92,-16.84840256
2302,71,13,59,-14.44980167
2303,61,60,73,-6.899731327
2304,29,62,67,-4.598812352
2305,10,20,54,-11.19009901
2306,12,96,64,4.806896552
2307,41,0,58,-17.39940547
2308,5,82,19,14.83846154
2309,25,57,22,7.651597444
2310,9,95,97,-5.337804878
2311,77,64,5,14.50016863
2312,13,70,87,-8.594117647
2313,77,14,62,-15.09983137
2314,3,75,47,4.75
2315,99,60,4,13.80010202
2316,39,47,12,8.15065703
2317,94,47,5,10.25011316
2318,63,8,10,-0.999748111
2319,30,11,63,-16.14889012
2320,21,64,62,-2.597737557
2321,38,87,16,16.95069204
2322,54,95,14,19.55034282
2323,85,61,26,7.450138389
2324,8,44,96,-17.78461538
2325,13,69,39,5.555882353
2326,54,90,5,21.00034282
2327,17,4,19,-4.696551724
2328,20,61,44,2.052493766
2329,55,18,47,-9.599669531
2330,45,99,11,21.45049358
2331,40,74,76,-4.29937539
2332,53,54,56,-3.299644128
2333,14,17,21,-2.044923858
2334,79,99,70,3.750160205
2335,29,83,58,3.351187648
2336,49,87,5,20.25041632
2337,47,67,73,-5.149547511
2338,10,94,61,5.20990099
2339,62,6,0,1.500260078
2340,22,31,63,-11.14793814
2341,1,88,93,-5.4
2342,59,95,1,23.45028719
2343,18,29,4,6.053076923
2344,37,73,54,2.050729927
2345,19,9,21,-4.047237569
2346,22,75,75,-3.747938144
2347,64,64,9,13.30024408
2348,39,50,75,-9.99934297
2349,75,19,99,-24.94982225
2350,78,31,40,-4.249835661
2351,72,30,16,2.700192864
2352,30,41,46,-3.548890122
2353,24,46,58,-5.898266898
2354,73,11,25,-4.749812383
2355,30,0,59,-17.69889012
2356,80,53,40,1.250156226
2357,84,96,10,21.0001417
2358,7,85,73,-0.63
2359,23,80,54,3.801886792
2360,94,48,82,-12.59988684
2361,44,66,77,-6.599483738
2362,63,11,52,-12.84974811
2363,45,7,8,-0.649506417
2364,92,54,55,-2.999881867
2365,40,22,32,-4.09937539
2366,90,63,89,-10.94987656
2367,91,58,76,-8.299879256
2368,87,48,20,6.0001321
2369,11,65,83,-8.641803279
2370,6,55,92,-13.82297297
2371,85,44,63,-7.899861611
2372,28,27,13,2.851273885
2373,24,79,75,-2.748266898
2374,84,49,90,-14.7498583
2375,37,72,87,-8.099270073
2376,56,17,68,-16.14968122
2377,87,81,90,-6.7498679
2378,20,88,49,7.302493766
2379,90,10,76,-20.29987656
2380,0,31,77,-14.35
2381,62,49,98,-17.14973992
2382,51,96,4,22.80038432
2383,19,1,64,-18.94723757
2384,89,31,56,-9.049873769
2385,76,39,45,-3.7498269
2386,24,69,3,16.3517331
2387,87,16,74,-18.1998679
2388,82,54,26,5.700148699
2389,92,19,46,-9.049881867
2390,2,26,84,-18.5
2391,56,49,34,2.050318776
2392,3,69,65,-2.15
2393,43,53,89,-13.44945946
2394,8,4,29,-7.684615385
2395,50,99,6,22.95039984
2396,61,27,58,-10.64973133
2397,73,41,15,5.750187617
2398,20,73,49,3.552493766
2399,59,92,11,19.70028719
2400,43,8,99,-27.69945946
2401,28,41,60,-7.748726115
2402,57,32,78,-15.39969231
2403,80,28,62,-11.59984377
2404,87,89,91,-5.0498679
2405,64,17,67,-15.84975592
2406,88,56,5,12.50012912
2407,30,98,87,-1.598890122
2408,68,17,22,-2.349783784
2409,38,34,68,-11.89930796
2410,98,1,97,-28.84989589
2411,55,33,2,7.650330469
2412,80,56,91,-13.29984377
2413,48,68,75,-5.499566161
2414,76,57,41,1.9501731
2415,16,6,96,-27.29610895
2416,25,7,31,-7.548402556
2417,54,50,93,-15.39965718
2418,68,17,14,0.050216216
2419,75,79,16,14.95017775
2420,94,49,5,10.75011316
2421,45,72,72,-3.599506417
2422,72,24,79,-17.69980714
2423,92,74,59,0.800118133
2424,25,53,18,7.851597444
2425,75,58,31,5.200177746
2426,95,25,28,-2.149889209
2427,29,51,17,7.651187648
2428,17,35,52,-6.846551724
2429,7,87,60,3.77
2430,29,87,39,10.05118765
2431,92,23,67,-14.34988187
2432,64,19,90,-22.24975592
2433,89,12,65,-16.49987377
2434,61,75,6,16.95026867
2435,60,1,44,-12.9497223
2436,0,57,58,-2.15
2437,93,49,15,7.750115607
2438,36,64,85,-9.49922899
2439,33,55,59,-3.949082569
2440,2,7,94,-26.25
2441,81,11,40,-9.249847607
2442,37,15,90,-23.24927007
2443,8,15,20,-2.234615385
2444,58,27,45,-6.749702823
2445,29,41,82,-14.34881235
2446,30,11,96,-26.04889012
2447,26,96,84,-1.198522895
2448,20,66,39,4.802493766
2449,45,85,33,11.35049358
2450,77,0,11,-3.299831366
2451,5,48,51,-3.261538462
2452,56,73,98,-11.14968122
2453,88,25,95,-22.24987088
2454,5,74,46,4.738461538
2455,97,10,20,-3.49989373
2456,13,43,52,-4.844117647
2457,49,75,16,13.95041632
2458,5,27,91,-20.51153846
2459,26,32,94,-20.1985229
2460,65,92,22,16.40023663
2461,93,0,27,-8.099884393
2462,82,72,98,-11.3998513
2463,43,44,76,-11.79945946
2464,7,12,29,-5.68
2465,95,49,73,-9.649889209
2466,2,26,72,-14.9
2467,16,79,72,-1.846108949
2468,87,53,62,-5.3498679
2469,8,47,59,-5.934615385
2470,18,50,56,-4.296923077
2471,99,73,68,-2.14989798
2472,60,67,24,9.550277701
2473,53,1,76,-22.54964413
2474,17,82,43,7.603448276
2475,85,47,87,-14.34986161
2476,69,13,52,-12.34979
2477,22,96,24,16.80206186
2478,35,17,89,-22.44918434
2479,97,80,86,-5.79989373
2480,51,48,1,11.70038432
2481,52,53,27,5.150369686
2482,38,41,51,-5.049307958
2483,24,7,1,1.451733102
2484,46,68,46,3.200472367
2485,44,29,63,-11.64948374
2486,1,49,67,-7.35
2487,5,40,60,-7.961538462
2488,6,91,47,8.677027027
2489,56,27,67,-13.34968122
2490,25,29,44,-5.948402556
2491,60,23,36,-5.049722299
2492,57,20,6,3.200307692
2493,46,59,71,-6.549527633
2494,92,93,89,-3.449881867
2495,9,59,83,-10.13780488
2496,15,74,9,15.80442478
2497,89,84,1,20.70012623
2498,31,53,89,-13.4489605
2499,62,90,36,11.70026008
2500,51,90,82,-2.09961568
2501,84,18,61,-13.7998583
2502,14,19,7,2.655076142
2503,5,85,95,-7.211538462
2504,39,49,94,-15.94934297
2505,6,40,91,-17.27297297
2506,12,22,8,3.106896552
2507,17,35,39,-2.946551724
2508,70,82,53,4.60020404
2509,9,50,57,-4.587804878
2510,62,47,24,4.550260078
2511,37,6,81,-22.79927007
2512,98,35,66,-11.04989589
2513,64,21,81,-19.04975592
2514,23,70,45,4.001886792
2515,38,36,70,-11.99930796
2516,33,34,65,-10.99908257
2517,88,88,50,7.000129116
2518,89,56,78,-9.399873769
2519,61,48,84,-13.19973133
2520,86,98,28,16.10013519
2521,70,74,77,-4.59979596
2522,74,35,84,-16.44981742
2523,92,83,86,-5.049881867
2524,81,11,80,-21.24984761
2525,12,45,95,-17.24310345
2526,20,28,99,-22.69750623
2527,86,78,89,-7.19986481
2528,30,33,36,-2.548890122
2529,18,36,15,4.503076923
2530,80,45,44,-1.949843774
2531,4,37,43,-3.591176471
2532,92,17,47,-9.849881867
2533,89,59,38,3.350126231
2534,12,37,54,-6.943103448
2535,31,27,98,-22.6489605
2536,9,11,42,-9.837804878
2537,6,59,83,-10.12297297
2538,30,36,62,-9.598890122
2539,37,57,83,-10.64927007
2540,38,96,91,-3.299307958
2541,21,20,79,-18.69773756
2542,27,60,79,-8.698630137
2543,9,87,89,-4.937804878
2544,27,4,80,-22.99863014
2545,9,76,7,16.91219512
2546,6,84,15,16.52702703
2547,48,32,73,-13.89956616
2548,78,84,97,-8.099835661
2549,17,25,73,-15.64655172
2550,55,26,95,-21.99966953
2551,34,11,94,-25.4491357
2552,63,16,3,3.100251889
2553,23,9,78,-21.14811321
2554,17,48,80,-11.99655172
2555,68,93,35,12.75021622
2556,16,56,95,-14.49610895
2557,70,17,35,-6.24979596
2558,77,89,37,11.15016863
2559,55,12,45,-10.49966953
2560,82,28,74,-15.1998513
2561,61,89,56,5.450268673
2562,2,91,66,3.15
2563,16,99,19,19.05389105
2564,8,80,75,-2.484615385
2565,57,69,90,-9.749692308
2566,85,52,40,1.000138389
2567,97,82,18,15.10010627
2568,28,47,0,11.75127389
2569,21,33,46,-5.547737557
2570,2,96,25,16.7
2571,70,6,50,-13.49979596
2572,88,54,3,12.60012912
2573,36,66,71,-4.79922899
2574,16,56,1,13.70389105
2575,91,63,56,-1.049879256
2576,2,35,43,-3.95
2577,55,78,41,7.200330469
2578,11,27,29,-1.941803279
2579,52,95,8,21.35036969
2580,9,14,38,-7.887804878
2581,54,20,65,-14.49965718
2582,28,15,43,-9.148726115
2583,37,16,67,-16.09927007
2584,47,1,7,-1.849547511
2585,22,98,39,12.80206186
2586,45,18,74,-17.69950642
2587,70,26,68,-13.89979596
2588,45,69,13,13.35049358
2589,82,8,91,-25.2998513
2590,12,16,43,-8.893103448
2591,81,27,17,1.650152393
2592,47,52,37,1.900452489
2593,59,76,22,12.40028719
2594,17,98,40,12.50344828
2595,73,95,27,15.65018762
2596,85,2,19,-5.199861611
2597,83,34,15,4.000145138
2598,86,63,70,-5.24986481
2599,90,32,96,-20.79987656
2600,55,12,47,-11.09966953
2601,92,27,21,0.450118133
2602,46,45,78,-12.14952763
2603,60,57,77,-8.849722299
2604,35,6,91,-25.79918434
2605,5,55,76,-9.011538462
2606,7,1,47,-13.83
2607,90,89,26,14.45012344
2608,54,44,76,-11.79965718
2609,55,24,67,-14.09966953
2610,70,77,25,11.75020404
2611,26,15,63,-15.1485229
2612,85,13,0,3.250138389
2613,17,34,25,1.003448276
2614,64,29,27,-0.849755919
2615,37,15,47,-10.34927007
2616,41,47,34,1.55059453
2617,67,22,59,-12.19977728
2618,64,58,95,-13.99975592
2619,36,40,5,8.50077101
2620,59,8,8,-0.399712809
2621,27,85,65,1.751369863
2622,78,97,39,12.55016434
2623,99,51,25,5.25010202
2624,77,52,36,2.200168634
2625,16,25,61,-12.04610895
2626,57,86,89,-5.199692308
2627,74,64,30,7.000182582
2628,21,62,29,6.802262443
2629,23,97,86,-1.548113208
2630,30,84,45,7.501109878
2631,39,83,92,-6.84934297
2632,95,69,17,12.15011079
2633,31,42,93,-17.3989605
2634,82,70,56,0.700148699
2635,54,58,37,3.400342818
2636,92,0,53,-15.89988187
2637,19,95,90,-3.247237569
2638,72,79,49,5.050192864
2639,83,11,49,-11.94985486
2640,8,5,6,-0.534615385
2641,88,30,99,-22.19987088
2642,41,85,96,-7.54940547
2643,11,12,87,-23.09180328
2644,80,38,45,-3.999843774
2645,57,53,29,4.550307692
2646,61,67,14,12.55026867
2647,83,42,49,-4.199854862
2648,39,29,32,-2.34934297
2649,56,20,55,-11.49968122
2650,69,29,45,-6.249790004
2651,89,0,53,-15.89987377
2652,30,68,11,13.70110988
2653,79,93,99,-6.449839795
2654,40,72,64,-1.19937539
2655,92,49,28,3.850118133
2656,2,66,76,-6.1
2657,74,60,66,-4.799817418
2658,43,65,77,-6.849459459
2659,96,53,54,-2.949891505
2660,84,57,17,9.150141703
2661,86,46,67,-8.59986481
2662,7,20,85,-20.48
2663,86,13,65,-16.24986481
2664,93,25,66,-13.54988439
2665,0,70,73,-3.4
2666,19,10,0,2.502762431
2667,15,75,40,6.754424779
2668,55,29,59,-10.44966953
2669,72,45,29,2.550192864
2670,70,18,17,-0.59979596
2671,59,82,71,-0.799712809
2672,67,20,46,-8.799777283
2673,36,33,6,6.45077101
2674,78,82,18,15.10016434
2675,56,17,72,-17.34968122
2676,90,80,11,16.70012344
2677,92,93,3,22.35011813
2678,62,23,84,-19.44973992
2679,68,69,34,7.050216216
2680,8,41,2,9.665384615
2681,21,2,33,-9.397737557
2682,51,43,96,-18.04961568
2683,89,46,61,-6.799873769
2684,97,61,29,6.55010627
2685,66,32,41,-4.299770484
2686,69,39,97,-19.34979
2687,96,69,73,-4.649891505
2688,46,31,4,6.550472367
2689,13,71,16,12.95588235
2690,92,89,14,18.05011813
2691,69,69,98,-12.14979
2692,6,66,2,15.92702703
2693,37,76,95,-9.499270073
2694,27,31,98,-21.64863014
2695,61,96,64,4.800268673
2696,37,46,18,6.100729927
2697,44,57,71,-7.049483738
2698,66,51,13,8.850229516
2699,77,57,87,-11.84983137
2700,54,12,74,-19.19965718
2701,71,28,81,-17.29980167
2702,65,57,40,2.25023663
2703,76,41,84,-14.9498269
2704,51,88,77,-1.09961568
2705,23,50,43,-0.398113208
2706,88,23,29,-2.949870884
2707,12,41,79,-13.44310345
2708,39,29,28,-1.14934297
2709,90,42,94,-17.69987656
2710,55,78,35,9.000330469
2711,20,28,32,-2.597506234
2712,8,41,10,7.265384615
2713,42,81,77,-2.849433428
2714,25,90,43,9.601597444
2715,40,60,97,-14.09937539
2716,2,33,67,-11.65
2717,36,18,75,-17.99922899
2718,63,75,33,8.850251889
2719,63,17,77,-18.84974811
2720,61,15,77,-19.34973133
2721,40,7,65,-17.74937539
2722,12,36,48,-5.393103448
2723,43,17,37,-6.849459459
2724,36,75,81,-5.54922899
2725,55,15,2,3.150330469
2726,79,71,42,5.150160205
2727,56,12,81,-21.29968122
2728,65,43,57,-6.34976337
2729,44,42,10,7.500516262
2730,99,43,55,-5.74989798
2731,37,78,68,-0.899270073
2732,96,76,80,-4.999891505
2733,70,30,82,-17.09979596
2734,90,82,33,10.60012344
2735,3,35,88,-17.55
2736,90,94,42,10.90012344
2737,75,88,44,8.800177746
2738,55,38,18,4.100330469
2739,47,6,43,-11.39954751
2740,26,44,3,10.1014771
2741,72,77,55,2.750192864
2742,93,48,73,-9.899884393
2743,73,76,78,-4.399812383
2744,3,3,69,-19.85
2745,7,59,51,-0.53
2746,18,4,98,-28.39692308
2747,6,5,89,-25.42297297
2748,67,68,29,8.300222717
2749,38,25,18,0.850692042
2750,76,68,83,-7.8998269
2751,37,80,21,13.70072993
2752,58,75,70,-2.249702823
2753,68,16,43,-8.899783784
2754,68,22,49,-9.199783784
2755,66,58,80,-9.499770484
2756,87,77,30,10.2501321
2757,89,51,14,8.550126231
2758,37,38,18,4.100729927
2759,35,31,38,-3.649184339
2760,51,11,62,-15.84961568
2761,94,67,2,16.15011316
2762,54,36,78,-14.39965718
2763,4,92,53,7.158823529
2764,76,34,55,-7.9998269
2765,2,45,76,-11.35
2766,64,55,10,10.75024408
2767,45,76,26,11.20049358
2768,6,95,36,12.97702703
2769,55,53,87,-12.84966953
2770,44,14,9,0.800516262
2771,69,87,82,-2.849790004
2772,8,81,56,3.465384615
2773,87,91,89,-3.9498679
2774,46,15,52,-11.84952763
2775,75,2,91,-26.79982225
2776,24,82,30,11.5017331
2777,48,79,95,-8.749566161
2778,98,63,87,-10.34989589
2779,94,1,41,-12.04988684
2780,15,52,59,-4.695575221
2781,27,73,5,16.75136986
2782,31,28,79,-16.6989605
2783,35,36,79,-14.69918434
2784,22,22,23,-1.397938144
2785,28,38,21,3.201273885
2786,9,94,86,-2.287804878
2787,93,21,64,-13.94988439
2788,95,51,35,2.250110791
2789,96,15,18,-1.649891505
2790,87,58,96,-14.2998679
2791,9,29,34,-2.937804878
2792,2,96,53,8.3
2793,52,33,90,-18.74963031
2794,39,6,58,-15.89934297
2795,37,22,14,1.300729927
2796,99,0,72,-21.59989798
2797,17,64,98,-13.39655172
2798,87,25,74,-15.9498679
2799,87,81,94,-7.9498679
2800,2,79,53,4.05
2801,75,20,27,-3.099822254
2802,6,18,12,0.927027027
2803,88,88,10,19.00012912
2804,62,62,41,3.200260078
2805,8,76,23,12.11538462
2806,49,97,6,22.45041632
2807,19,39,20,3.752762431
2808,30,1,33,-9.648890122
2809,80,84,18,15.60015623
2810,59,68,80,-6.999712809
2811,41,98,72,2.90059453
2812,60,16,33,-5.899722299
2813,64,91,31,13.45024408
2814,11,88,33,12.10819672
2815,71,27,87,-19.34980167
2816,22,29,29,-1.447938144
2817,68,29,44,-5.949783784
2818,5,77,25,11.78846154
2819,92,63,49,1.050118133
2820,59,71,52,2.150287191
2821,88,38,14,5.300129116
2822,99,0,25,-7.49989798
2823,58,36,16,4.200297177
2824,23,46,75,-10.99811321
2825,41,80,54,3.80059453
2826,49,56,80,-9.99958368
2827,57,56,54,-2.199692308
2828,56,60,82,-9.599681224
2829,33,46,93,-16.39908257
2830,70,57,54,-1.94979596
2831,2,90,91,-4.6
2832,91,11,13,-1.149879256
2833,28,28,54,-9.198726115
2834,42,97,37,13.15056657
2835,99,36,52,-6.59989798
2836,49,70,57,0.40041632
2837,65,72,71,-3.29976337
2838,30,89,22,15.65110988
2839,77,94,59,5.800168634
2840,33,90,30,13.50091743
2841,73,22,82,-19.09981238
2842,7,56,25,6.52
2843,27,90,33,12.60136986
2844,71,30,0,7.500198334
2845,23,78,56,2.701886792
2846,33,64,95,-12.49908257
2847,34,99,89,-1.949135696
2848,69,50,87,-13.59979
2849,91,10,48,-11.89987926
2850,93,11,43,-10.14988439
2851,18,81,30,11.25307692
2852,86,91,39,11.05013519
2853,18,1,1,-0.046923077
2854,39,73,49,3.55065703
2855,84,50,8,10.1001417
2856,78,4,0,1.000164339
2857,61,65,94,-11.94973133
2858,6,6,65,-17.97297297
2859,94,55,56,-3.049886839
2860,31,14,2,2.901039501
2861,38,82,28,12.10069204
2862,38,4,88,-25.39930796
2863,41,66,23,9.60059453
2864,75,3,73,-21.14982225
2865,81,77,6,17.45015239
2866,56,99,60,6.750318776
2867,44,77,73,-2.649483738
2868,4,41,99,-19.39117647
2869,50,74,32,8.90039984
2870,23,52,16,8.201886792
2871,29,44,55,-5.498812352
2872,83,73,11,14.95014514
2873,48,56,98,-15.39956616
2874,36,17,68,-16.14922899
2875,98,79,15,15.25010411
2876,91,62,23,8.600120744
2877,13,56,8,11.60588235
2878,65,57,17,9.15023663
2879,53,32,1,7.700355872
2880,85,86,39,9.800138389
2881,86,64,56,-0.79986481
2882,12,66,37,5.406896552
2883,84,81,87,-5.849858297
2884,47,59,39,3.050452489
2885,56,78,26,11.70031878
2886,64,0,76,-22.79975592
2887,59,84,5,19.50028719
2888,86,6,74,-20.69986481
2889,75,1,76,-22.54982225
2890,49,11,88,-23.64958368
2891,18,7,21,-4.546923077
2892,4,78,38,8.158823529
2893,99,15,92,-23.84989798
2894,37,28,69,-13.69927007
2895,73,81,86,-5.549812383
2896,95,79,28,11.35011079
2897,6,78,20,13.52702703
2898,73,58,75,-7.999812383
2899,81,41,21,3.950152393
2900,98,79,69,-0.949895888
2901,44,61,11,11.95051626
2902,86,83,60,2.75013519
2903,20,54,28,5.102493766
2904,37,26,85,-18.99927007
2905,64,43,16,5.950244081
2906,93,26,21,0.200115607
2907,51,41,25,2.75038432
2908,42,17,0,4.250566572
2909,10,71,17,12.65990099
2910,6,95,86,-2.022972973
2911,92,34,3,7.600118133
2912,77,72,54,1.800168634
2913,27,27,42,-5.848630137
2914,44,46,18,6.100516262
2915,2,19,94,-23.25
2916,51,14,69,-17.19961568
2917,50,21,28,-3.14960016
2918,80,55,35,3.250156226
2919,29,34,85,-16.99881235
2920,20,41,95,-18.24750623
2921,30,13,83,-21.64889012
2922,28,76,23,12.10127389
2923,6,73,29,9.577027027
2924,97,5,57,-15.84989373
2925,11,37,31,-0.041803279
2926,20,48,32,2.402493766
2927,59,47,76,-11.04971281
2928,97,16,59,-13.69989373
2929,44,17,58,-13.14948374
2930,74,40,67,-10.09981742
2931,53,88,44,8.800355872
2932,35,62,35,5.000815661
2933,56,11,54,-13.44968122
2934,32,91,53,6.85097561
2935,90,74,63,-0.399876558
2936,27,11,93,-25.14863014
2937,47,0,1,-0.299547511
2938,49,83,80,-3.24958368
2939,4,27,67,-13.29117647
2940,64,67,60,-1.249755919
2941,18,45,27,3.153076923
2942,59,93,42,10.65028719
2943,98,48,93,-15.89989589
2944,34,30,61,-10.7991357
2945,15,56,49,-0.695575221
2946,13,47,0,11.75588235
2947,72,52,3,12.10019286
2948,25,66,75,-5.998402556
2949,35,22,46,-8.299184339
2950,71,17,17,-0.849801666
2951,71,59,85,-10.74980167
2952,32,97,39,12.55097561
2953,42,29,56,-9.549433428
2954,40,35,0,8.75062461
2955,89,54,37,2.400126231
2956,12,63,47,1.656896552
2957,57,96,30,15.00030769
2958,34,9,23,-4.649135696
2959,24,49,85,-13.2482669
2960,12,71,21,11.45689655
2961,76,57,30,5.2501731
2962,65,81,0,20.25023663
2963,53,49,89,-14.44964413
2964,82,26,35,-3.999851301
2965,83,48,69,-8.699854862
2966,68,73,34,8.050216216
2967,90,69,61,-1.049876558
2968,61,35,90,-18.24973133
2969,75,53,2,12.65017775
2970,72,55,18,8.350192864
2971,62,45,15,6.750260078
2972,92,12,53,-12.89988187
2973,35,43,33,0.850815661
2974,90,22,89,-21.19987656
2975,47,83,42,8.150452489
2976,27,49,12,8.651369863
2977,22,61,61,-3.047938144
2978,20,74,57,1.402493766
2979,62,92,2,22.40026008
2980,13,39,67,-10.34411765
2981,4,7,75,-20.69117647
2982,0,43,28,3.35
2983,6,27,47,-7.322972973
2984,75,1,66,-19.54982225
2985,31,64,89,-10.6989605
2986,30,77,29,10.55110988
2987,65,29,71,-14.04976337
2988,28,6,7,-0.598726115
2989,15,2,78,-22.89557522
2990,62,31,91,-19.54973992
2991,32,86,73,-0.39902439
2992,81,26,45,-6.999847607
2993,79,28,19,1.300160205
2994,54,95,87,-2.349657182
2995,51,55,34,3.55038432
2996,32,42,69,-10.19902439
2997,92,13,20,-2.749881867
2998,68,49,89,-14.44978378
2999,89,14,3,2.600126231
3000,8,30,94,-20.68461538
